,231N,501N,502N,505N,219N,416N,418N,234N,235N,245N,247N,250N,503N,214N,635N,244N,213N,218N,640N,230N,243N,504N,217N,222N,631N,423N,242N,216N,241N,229N,221N,215N,228N,220N,239N,246N,629N,137N,420N,132N,626N,621N,128N,233N,127N,419N,123N,120N,227N,226N,225N,212N,211N,210N,209N,208N,207N,206N,205N,204N,257N,256N,255N,254N,253N,252N,251N,249N,248N,201N
118900_5..N::1404360000.0,18,75,10,26,14,,,,,,,,22,22,,,35,19,,10,,7,23,1191,,,,2,,23,5,6,4,-2,,,,27,,21,,,42,,41,,18,40,51,11,29,,,,,,,,,,,,,,,,,,,
112950_5..N74R::1404360000.0,,67,,,,,,,,,,,,,,,,,,,,,,,,,,,,,,,,,,,,,,,,,,,,,,,,,,,,,,,,,,,,,,,,,,,,
113750_5..N71R::1404360000.0,,63,126,,,,,,,,,,,,,,,,,,,,,,,,,,,,,,,,,,,,,,,,,,,,,,,,,,,,,,,,,,,,,,,,,,,
114750_5..N71R::1404360000.0,,61,8,41,,,,,,,,,16,,,,,,,,,30,,,,,,,,,,,,,,,,,,,,,,,,,,,,,,,,,,,,,,,,,,,,,,,,
115700_5..N71R::1404360000.0,,105,24,46,3,,,,,,,,233,26,,,59,2,,,,27,6,,,,,12,,,,3,,,,,,,,,,,,,,,,,,,,,,,,,,,,,,,,,,,,,,
116750_5..N71R::1404360000.0,,47,53,34,8,22,,,,,,,464,40,,,10,19,,,,25,2,7,,,,10,,,12,12,,12,,,,,,,,,,,,,,,,,,,,,,,,,,,,,,,,,,,,
117850_5..N71R::1404360000.0,,3,5,25,-24,25,23,,,,,,11,2,-2,,72,13,22,,,19,-2,35,11,,,-15,,,273,1,,6,,,-9,,,,10,18,,,,,,,,,,,,,,,,,,,,,,,,,,,,
119700_5..N71R::1404360000.0,,,,,,,,47,,,,,,,,,,,,,,,,,,-38,,,,,,,,,,,,,,,,,,,,,,,,,,,,,,,,,,,,,,,,,,,,
120950_5..N71R::1404360000.0,,56,-11,21,11,21,2,22,10,,,,-21,45,43,,35,21,-23,,,33,-1,48,50,41,,5,,,-5,17,,16,,,19,,3,,36,55,,,,18,,,,,,,,,,,,,,,,,,,,,,,,
121800_5..N71R::1404360000.0,,,,,,,,,-62,2,,,,,,6,,,,,14,,,,,,-10,,90,,,,,,18,,,,,,,,,,,,,,,,,,,,,,,,,,,,,,,,,,,
123100_5..N71R::1404360000.0,,,,,,,,,,,-199,,,,,,,,,,,,,,,,,,,,,,,,,,,,,,,,,,,,,,,,,,,,,,,,,,,,,,,,,,,
105200_5..N68R::1404360000.0,,,,,,,,,,,,23261,,,,,,,,,,,,,,,,,,,,,,,,,,,,,,,,,,,,,,,,,,,,,,,,,,,,,,,,,,
114200_5..N71R::1404360000.0,,100,23,,,,,,,,,,15,,,,,,,,,,,,,,,,,,,,,,,,,,,,,,,,,,,,,,,,,,,,,,,,,,,,,,,,,
115400_5..N71R::1404360000.0,,76,170,15,,,,,,,,,296,11,,,49,,,,,7,,,,,,,,,,,,,,,,,,,,,,,,,,,,,,,,,,,,,,,,,,,,,,,,
117300_5..N76R::1404360000.0,,,,,,15,,,,,,,,,9,,63,,,,,,,18,50,,,,,,23,,,,,,14,,,,26,16,,,,,,,,,,1,13,16,14,8,-13,21,14,-2,,,,,,,,,,
123100_5..N::1404360000.0,,,,,14,16,7,4,23,7,11,,,-1,28,40,-7,19,11,,-8,,20,12,14,6,-5,24,-1,,-6,1,,13,5,11,18,,-34,,37,13,,,,17,,,,,,13,-3,2,0,-3,12,20,16,201,,,,,,,,,,
126450_5..N73R::1404360000.0,,60,27,12,-21,23,36,,,,,,16,23,22,,63,-19,29,,,32,19,26,20,,,10,,,18,25,,10,,,11,,-19,,31,24,,,,19,,,,,,,,,,,,,,,,,,,,,,,,
119700_5..N::1404360000.0,,27,12,16,13,,,1241,,,,,24,15,,,47,9,,33,,-25,23,1131,,,,-4,,6,20,14,0,14,,,,27,,-3,,,27,,31,,12,27,17,17,20,,,,,,,,,,,,,,,,,,,
121800_5..N::1404360000.0,,72,18,15,24,,,18,221,,,,-6,16,,,-2,0,,,,12,30,171,,,,5,,,-10,32,,-3,,,,,,,,,,50,,,,,,,,,,,,,,,,,,,,,,,,,,
127450_5..N73R::1404360000.0,,29,20,15,18,23,-2,,,,,,-1,24,14,,35,-29,10,,,10,14,42,39,,,15,,,1,20,,20,,,10,,35,,29,29,,,,10,,,,,,,,,,,,,,,,,,,,,,,,
128450_5..N73R::1404360000.0,,62,2,26,-13,11,-6,,,,,,13,-3,16,,29,15,18,,,24,24,20,-7,,,10,,,18,16,,13,,,19,,10,,14,81,,,,0,,,,,,,,,,,,,,,,,,,,,,,,
129450_5..N73R::1404360000.0,,,,,,,,,,,,,,,,,,,,,,,,,,,,,,,,,,,,,,,1091,,,,,,,,,,,,,,,,,,,,,,,,,,,,,,,
130450_5..N73R::1404360000.0,,,,,,,,,,,,,,,,,,,,,,,,,,,,,,,,,,,,,,,491,,,,,,,,,,,,,,,,,,,,,,,,,,,,,,,
131450_5..N73R::1404360000.0,,45,20,37,12,4,25,,,,,,-3,-10,17,,43,16,-1,,,2,2,13,23,,,14,,,1,16,,9,,,-5,,-19,,-6,4,,,,23,,,,,,,,,,,,,,,,,,,,,,,,
132450_5..N73R::1404360000.0,,,,,,,,,,,,,,,,,,,,,,,,,,,,,,,,,,,,,,,6551,,,,,,,,,,,,,,,,,,,,,,,,,,,,,,,
133450_5..N73R::1404360000.0,,59,30,18,1,16,11,,,,,,9,9,10,,45,9,24,,,16,24,36,24,,,4,,,-2,12,,-2,,,-16,,28,,10,16,,,,13,,,,,,,,,,,,,,,,,,,,,,,,
134450_5..N73R::1404360000.0,,14,25,25,12,25,44,,,,,,11,4,11,,152,21,6,,,-21,5,21,30,,,-10,,,4,3,,9,,,-11,,25,,14,13,,,,2,,,,,,,,,,,,,,,,,,,,,,,,
135450_5..N73R::1404360000.0,,64,24,15,4,27,7,,,,,,0,17,16,,24,11,21,,,12,22,7,24,,,5,,,25,11,,5,,,19,,41,,15,23,,,,22,,,,,,,,,,,,,,,,,,,,,,,,
136450_5..N73R::1404360000.0,,56,8,26,-7,19,16,,,,,,20,-15,4,,31,9,22,,,26,27,19,3,,,-16,,,-95,-2,,15,,,-11,,12,,4,15,,,,-2,,,,,,,,,,,,,,,,,,,,,,,,
137600_5..N73R::1404360000.0,,68,5,9,12,3,19,,,,,,20,19,0,,45,-3,-4,,,3,10,4,21,,,-8,,,12,-9,,10,,,17,,-19,,20,18,,,,-2,,,,,,,,,,,,,,,,,,,,,,,,
136600_5..N71R::1404360000.0,,,,,-9,27,10,2,-6,-13,71,,,,-1,-8,,7,-1,,0,,-3,8,34,-5,8,11,17,,16,-38,,20,13,16,10,,36,,6,14,,,,-31,,,,,,,,,,,,,,,,,,,,,,,,
138800_5..N73R::1404360000.0,,,,-38,16,-55,17,,,,,,,26,20,,39,-1,0,,,,13,9,29,,,-9,,,16,0,,17,,,4,,-19,,13,28,,,,-1,,,,,,,,,,,,,,,,,,,,,,,,
144300_5..N32R::1404360000.0,,,,,,,,,,,,,,,,,-199,,,,,,,,,,,,,,,,,,,,,,,,,,,,,,,,,,,,,,,,,,,,,,,,,,,,,
002300_5..N32R::1404360000.0,,,,,,,,,,,,,,,,,-1399,,,,,,,,,,,,,,,,,,,,,,,,,,,,,,,,,,,,,,,,,,,,,,,,,,,,,
144300_5..N32R::1404446400.0,,19,17,-20,,,,,,,,,20,,,,-199,,,,,18,,,,,,,,,,,,,,,,,,,,,,,,,,,,,,,,,,,,,,,,,,,,,,,,
002300_5..N32R::1404446400.0,,64,27,14,,,,,,,,,3,,,,41,,,,,16,,,,,,,,,,,,,,,,,,,,,,,,,,,,,,,,,,,,,,,,,,,,,,,,
138800_5..N73R::1404446400.0,,42,34,9,,,,,,,,,25,,,,,,,,,4,,,,,,,,,,,,,,,,,,,,,,,,,,,,,,,,,,,,,,,,,,,,,,,,
105200_5..N68R::1404446400.0,,,,,,,,,,,,37661,,,,,,,,,,,,,,,,,,,,,,,,,,,,,,,,,,,,,,,,,,,,,,,,,,,,,,,,,,
136600_5..N71R::1404446400.0,,,,-144,,,,,,,,,,20,,,361,,,,,,,,,,,,,,,20,,,,,,,,,,,,,,,,,,,,,,,,,,,,,,,,,,,,,,
004300_5..N32R::1404446400.0,,,,,,,,,,,,,,,,,-1249,,,,,,,,,,,,,,,,,,,,,,,,,,,,,,,,,,,,,,,,,,,,,,,,,,,,,
006000_5..N32R::1404446400.0,,,,,,,,,,,,,,,,,-949,,,,,,,,,,,,,,,,,,,,,,,,,,,,,,,,,,,,,,,,,,,,,,,,,,,,,
004000_5..N32R::1404446400.0,,70,18,19,,,,,,,,,18,,,,101,,,,,29,,,,,,,,,,,,,,,,,,,,,,,,,,,,,,,,,,,,,,,,,,,,,,,,
012300_5..N32R::1404446400.0,,40,-1,-1,,,,,,,,,-23,,,,-19,,,,,4,,,,,,,,,,,,,,,,,,,,,,,,,,,,,,,,,,,,,,,,,,,,,,,,
006300_5..N32R::1404446400.0,,46,7,22,,,,,,,,,-21,,,,11,,,,,18,,,,,,,,,,,,,,,,,,,,,,,,,,,,,,,,,,,,,,,,,,,,,,,,
010300_5..N32R::1404446400.0,,28,-2,14,,,,,,,,,-24,,,,101,,,,,7,,,,,,,,,,,,,,,,,,,,,,,,,,,,,,,,,,,,,,,,,,,,,,,,
008300_5..N32R::1404446400.0,,63,27,17,,,,,,,,,-4,,,,11,,,,,-2,,,,,,,,,,,,,,,,,,,,,,,,,,,,,,,,,,,,,,,,,,,,,,,,
014300_5..N32R::1404446400.0,,68,16,6,,,,,,,,,7,,,,-79,,,,,14,,,,,,,,,,,,,,,,,,,,,,,,,,,,,,,,,,,,,,,,,,,,,,,,
016300_5..N32R::1404446400.0,,45,10,15,,,,,,,,,9,,,,-49,,,,,17,,,,,,,,,,,,,,,,,,,,,,,,,,,,,,,,,,,,,,,,,,,,,,,,
018300_5..N32R::1404446400.0,,46,17,-26,,,,,,,,,9,,,,-49,,,,,14,,,,,,,,,,,,,,,,,,,,,,,,,,,,,,,,,,,,,,,,,,,,,,,,
020300_5..N32R::1404446400.0,,46,15,13,,,,,,,,,21,,,,11,,,,,35,,,,,,,,,,,,,,,,,,,,,,,,,,,,,,,,,,,,,,,,,,,,,,,,
022300_5..N32R::1404446400.0,,58,15,16,,,,,,,,,11,,,,-589,,,,,18,,,,,,,,,,,,,,,,,,,,,,,,,,,,,,,,,,,,,,,,,,,,,,,,
024300_5..N32R::1404446400.0,,26,5,28,,,,,,,,,12,,,,-19,,,,,27,,,,,,,,,,,,,,,,,,,,,,,,,,,,,,,,,,,,,,,,,,,,,,,,
026300_5..N32R::1404446400.0,,80,15,-3,,,,,,,,,9,,,,71,,,,,8,,,,,,,,,,,,,,,,,,,,,,,,,,,,,,,,,,,,,,,,,,,,,,,,
028300_5..N32R::1404446400.0,,49,4,4,,,,,,,,,1,,,,251,,,,,7,,,,,,,,,,,,,,,,,,,,,,,,,,,,,,,,,,,,,,,,,,,,,,,,
030300_5..N32R::1404446400.0,,70,10,11,,,,,,,,,9,,,,-19,,,,,13,,,,,,,,,,,,,,,,,,,,,,,,,,,,,,,,,,,,,,,,,,,,,,,,
032300_5..N32R::1404446400.0,,120,13,30,,,,,,,,,18,,,,71,,,,,32,,,,,,,,,,,,,,,,,,,,,,,,,,,,,,,,,,,,,,,,,,,,,,,,
034000_5..N01R::1404446400.0,,74,30,7,,,,,,,,,2,,,,11,,,,,7,,,,,,,,,,,,,,,,,,,,,,,,,,,,,,,,,,,,,,,,,,,,,,,,
036000_5..N01R::1404446400.0,,50,16,-13,,,,,,,,,15,,,,-49,,,,,19,,,,,,,,,,,,,,,,,,,,,,,,,,,,,,,,,,,,,,,,,,,,,,,,
038000_5..N01R::1404446400.0,,62,14,32,,,,,,,,,18,,,,-19,,,,,28,,,,,,,,,,,,,,,,,,,,,,,,,,,,,,,,,,,,,,,,,,,,,,,,
040000_5..N01R::1404446400.0,,65,20,31,,,,,,,,,24,,,,41,,,,,0,,,,,,,,,,,,,,,,,,,,,,,,,,,,,,,,,,,,,,,,,,,,,,,,
040900_5..N73R::1404446400.0,,46,4,-18,8,11,8,,,,,,5,-6,18,,33,-2,11,,,14,19,26,21,,,1,,,6,-15,,2,,,18,,-19,,17,21,,,,-9,,,,,,,,,,,,,,,,,,,,,,,,
042000_5..N01R::1404446400.0,,58,16,,,,,,,,,,14,,,,341,,,,,,,,,,,,,,,,,,,,,,,,,,,,,,,,,,,,,,,,,,,,,,,,,,,,,
042300_5..N73R::1404446400.0,,66,17,21,6,4,0,,,,,,17,23,7,,48,-8,21,,,22,18,5,29,,,-14,,,-81,6,,-35,,,-7,,11,,-6,13,,,,4,,,,,,,,,,,,,,,,,,,,,,,,
043300_5..N73R::1404446400.0,,61,12,26,6,17,-2,,,,,,13,3,11,,28,-9,7,,,23,14,23,25,,,-2,,,1,-15,,5,,,6,,11,,15,3,,,,19,,,,,,,,,,,,,,,,,,,,,,,,
040950_5..N73R::1404446400.0,,,,,,,,,,,,,,,,,,,,,,,,,,,,,,,,,,,,,,,3851,,,,,,,,,,,,,,,,,,,,,,,,,,,,,,,
043700_5..N01R::1404446400.0,,23,6,24,,,,,,,,,0,,,,131,,,,,0,,,,,,,,,,,,,,,,,,,,,,,,,,,,,,,,,,,,,,,,,,,,,,,,
044500_5..N73R::1404446400.0,,48,13,23,9,40,0,,,,,,30,18,-8,,38,802,-8,,,13,21,0,19,,,-1,,,10,-23,,11,,,2,,11,,19,10,,,,14,,,,,,,,,,,,,,,,,,,,,,,,
045700_5..N73R::1404446400.0,,,,,,12,6,,,,,,,,16,,,,18,,,,,31,30,,,,,,3,,,,,,0,,11,,1,7,,,,11,,,,,,,,,,,,,,,,,,,,,,,,
047100_5..N73R::1404446400.0,,65,3,6,13,-3,24,,,,,,1,20,-14,,16,-28,3,,,7,-3,13,95,,,-11,,,-33,4,,10,,,-7,,-19,,-9,-8,,,,-1,,,,,,,,,,,,,,,,,,,,,,,,
048100_5..N73R::1404446400.0,,47,12,30,-9,2,19,,,,,,18,3,10,,14,4,3,,,29,20,27,45,,,-5,,,6,1,,21,,,2,,-19,,-36,19,,,,20,,,,,,,,,,,,,,,,,,,,,,,,
049500_5..N73R::1404446400.0,,59,9,13,-14,6,14,,,,,,11,-4,-80,,35,5,1,,,15,5,22,70,,,-8,,,-2,10,,8,,,10,,-49,,10,-2,,,,-5,,,,,,,,,,,,,,,,,,,,,,,,
050500_5..N73R::1404446400.0,,67,25,-15,3,28,11,,,,,,-4,25,3,,19,15,26,,,11,31,28,12,,,1,,,4,-19,,3,,,19,,-19,,9,10,,,,-11,,,,,,,,,,,,,,,,,,,,,,,,
045700_5..N::1404446400.0,,69,4,20,,,,,,,,,6,,,,48,,,,,18,,,,,,,,,41,,,,,,,,,,,,,,,,,,,,,,,,,,,,,,,,,,,,,,,
051900_5..N73R::1404446400.0,,67,18,9,-26,3,-1,,,,,,12,-12,-9,,21,-7,15,,,13,-16,-17,94,,,-3,,,12,-10,,-38,,,4,,11,,9,10,,,,2,,,,,,,,,,,,,,,,,,,,,,,,
052900_5..N73R::1404446400.0,,31,-4,30,-8,18,8,,,,,,-4,1,1,,3,-5,24,,,1,-1,1,102,,,-19,,,3,6,,10,,,6,,11,,4,112,,,,-18,,,,,,,,,,,,,,,,,,,,,,,,
054300_5..N73R::1404446400.0,,55,-1,18,-5,3,22,,,,,,-25,17,-4,,28,11,26,,,16,-1,4,39,,,14,,,6,16,,-12,,,-6,,11,,-8,30,,,,5,,,,,,,,,,,,,,,,,,,,,,,,
055300_5..N73R::1404446400.0,,61,26,31,12,21,10,,,,,,-1,22,29,,40,-1,25,,,-1,9,-11,62,,,-6,,,5,73,,6,,,182,,-19,,18,48,,,,1,,,,,,,,,,,,,,,,,,,,,,,,
056700_5..N73R::1404446400.0,,,,,,,,,,,,,,,,,,,,,,,,,,,,,,,,,,,,,,,5201,,,,,,,,,,,,,,,,,,,,,,,,,,,,,,,
057700_5..N73R::1404446400.0,,,,,,,,,,,,,,,,,,,,,,,,,,,,,,,,,,,,,,,-769,,,,,,,,,,,,,,,,,,,,,,,,,,,,,,,
059100_5..N73R::1404446400.0,,55,6,12,12,21,23,,,,,,-24,24,-2,,30,0,7,,,13,23,11,90,,,-11,,,-3,4,,6,,,-8,,-19,,-6,76,,,,-1,,,,,,,,,,,,,,,,,,,,,,,,
060100_5..N73R::1404446400.0,,,,,,,,,,,,,,,,,,,,,,,,,,,,,,,,,,,,,,,6761,,,,,,,,,,,,,,,,,,,,,,,,,,,,,,,
057200_5..N73R::1404446400.0,,13,26,20,15,37,10,,,,,,10,19,-12,,57,20,49,,,32,7,36,17,,,17,,,-3,22,,13,,,-10,,16,,11,-25,,,,-10,,,,,,,,,,,,,,,,,,,,,,,,
061500_5..N73R::1404446400.0,,,,,,,,,,,,,,,,,,,,,,,,,,,,,,,,,,,,,,,-139,,,,,,,,,,,,,,,,,,,,,,,,,,,,,,,
062500_5..N73R::1404446400.0,,67,-28,28,0,24,-5,,,,,,8,18,16,,32,12,15,,,26,3,9,57,,,9,,,16,1,,9,,,23,,-19,,16,20,,,,2,,,,,,,,,,,,,,,,,,,,,,,,
063900_5..N73R::1404446400.0,,58,17,4,10,24,11,,,,,,26,29,-2,,15,-4,25,,,4,15,0,72,,,-5,,,15,4,,13,,,-1,,-19,,-7,18,,,,-3,,,,,,,,,,,,,,,,,,,,,,,,
060800_5..N73R::1404446400.0,,70,22,17,15,25,12,,,,,,10,1,68,,50,2,13,,,17,-5,27,32,,,13,,,8,0,,14,,,2,,18,,-1,18,,,,-6,,,,,,,,,,,,,,,,,,,,,,,,
064900_5..N73R::1404446400.0,,51,16,28,-10,21,20,,,,,,19,0,12,,20,3,3,,,25,18,8,12,,,-3,,,13,6,,-12,,,-3,,11,,-8,15,,,,14,,,,,,,,,,,,,,,,,,,,,,,,
066300_5..N73R::1404446400.0,,64,13,24,-5,-9,7,,,,,,14,-1,46,,34,-17,17,,,20,10,10,24,,,-5,,,13,14,,-12,,,23,,-19,,-20,-7,,,,-4,,,,,,,,,,,,,,,,,,,,,,,,
063250_5..N73R::1404446400.0,,58,-20,15,12,4,-4,,,,,,2,12,12,,20,1,16,,,18,-6,16,102,,,-14,,,-6,26,,6,,,1,,-19,,-4,9,,,,1,,,,,,,,,,,,,,,,,,,,,,,,
067300_5..N73R::1404446400.0,,60,15,33,15,7,1,,,,,,19,16,12,,-1,2,33,,,28,21,21,40,,,10,,,4,6,,13,,,4,,-19,,19,19,,,,25,,,,,,,,,,,,,,,,,,,,,,,,
068700_5..N73R::1404446400.0,,57,22,34,-14,-7,-1,,,,,,21,9,7,,46,2,9,,,32,20,29,3,,,-8,,,22,1,,-19,,,7,,167,,7,9,,,,10,,,,,,,,,,,,,,,,,,,,,,,,
069700_5..N73R::1404446400.0,,77,14,32,-13,-37,24,,,,,,23,14,14,,22,2,6,,,-1,16,19,30,,,8,,,-3,16,,15,,,0,,41,,17,4,,,,13,,,,,,,,,,,,,,,,,,,,,,,,
067500_5..N73R::1404446400.0,,59,27,35,18,5,22,,,,,,28,15,21,,65,1,-6,,,14,21,21,18,,,13,,,30,13,,18,,,-2,,101,,13,18,,,,11,,,,,,,,,,,,,,,,,,,,,,,,
071100_5..N73R::1404446400.0,,51,20,33,-17,13,-12,,,,,,-3,20,62,,40,3,1,,,1,24,84,18,,,4,,,85,-5,,7,,,11,,-19,,2,3,,,,-7,,,,,,,,,,,,,,,,,,,,,,,,
072100_5..N73R::1404446400.0,,,,,,,,,,,,,,,,,,,,,,,,,,,,,,,,,,,,,,,40,,,,,,,-38,,,,,,,,,,,,,,,,,,,,,,,,
073500_5..N73R::1404446400.0,,51,13,41,9,25,14,,,,,,24,29,27,,44,10,23,,,32,21,37,24,,,-4,,,-4,4,,12,,,19,,41,,33,31,,,,-6,,,,,,,,,,,,,,,,,,,,,,,,
074500_5..N73R::1404446400.0,,61,8,12,-1,5,21,,,,,,8,11,50,,26,-11,6,,,12,13,-25,17,,,2,,,13,-9,,-5,,,17,,-19,,16,-4,,,,0,,,,,,,,,,,,,,,,,,,,,,,,
075900_5..N73R::1404446400.0,,45,14,13,6,19,6,,,,,,25,14,-3,,39,16,9,,,9,3,14,32,,,19,,,15,0,,8,,,-8,,-19,,21,5,,,,-2,,,,,,,,,,,,,,,,,,,,,,,,
076900_5..N73R::1404446400.0,,63,31,17,0,7,27,,,,,,30,-8,42,,25,1,-26,,,32,16,27,39,,,12,,,17,4,,16,,,-2,,-49,,9,46,,,,15,,,,,,,,,,,,,,,,,,,,,,,,
078300_5..N73R::1404446400.0,,60,26,27,2,-10,23,,,,,,3,21,59,,57,5,10,,,15,18,11,27,,,2,,,12,-2,,12,,,18,,-49,,13,-3,,,,1,,,,,,,,,,,,,,,,,,,,,,,,
079300_5..N73R::1404446400.0,,70,27,22,5,8,15,,,,,,2,12,15,,34,13,2,,,16,1,31,37,,,19,,,4,1,,9,,,-4,,11,,18,25,,,,15,,,,,,,,,,,,,,,,,,,,,,,,
080700_5..N73R::1404446400.0,,31,26,16,9,11,18,,,,,,7,22,-1,,15,11,3,,,14,13,14,35,,,15,,,-8,-3,,17,,,9,,-19,,6,6,,,,19,,,,,,,,,,,,,,,,,,,,,,,,
081700_5..N73R::1404446400.0,,42,-3,3,-3,5,30,,,,,,-2,24,72,,23,11,6,,,-26,5,-2,4,,,-7,,,12,8,,-9,,,6,,-49,,8,-2,,,,13,,,,,,,,,,,,,,,,,,,,,,,,
083100_5..N73R::1404446400.0,,59,0,-2,-32,-3,1,,,,,,-2,-8,8,,27,-25,47,,,2,23,22,45,,,6,,,15,-4,,-11,,,-1,,-19,,21,-8,,,,21,,,,,,,,,,,,,,,,,,,,,,,,
084100_5..N73R::1404446400.0,,65,12,31,-4,5,-7,,,,,,20,22,60,,23,12,12,,,-2,4,21,26,,,-6,,,-9,8,,-2,,,-8,,-19,,15,11,,,,0,,,,,,,,,,,,,,,,,,,,,,,,
085500_5..N73R::1404446400.0,,57,14,35,2,20,18,,,,,,24,14,15,,46,13,15,,,11,-7,23,2,,,19,,,25,20,,5,,,-8,,38,,13,10,,,,11,,,,,,,,,,,,,,,,,,,,,,,,
086500_5..N73R::1404446400.0,,56,32,17,-11,16,7,,,,,,7,15,33,,-13,6,29,,,15,21,-34,31,,,16,,,15,-5,,14,,,16,,-19,,-2,23,,,,1,,,,,,,,,,,,,,,,,,,,,,,,
087900_5..N73R::1404446400.0,,51,7,16,-26,3,12,,,,,,11,11,1,,30,17,26,,,15,7,11,19,,,-35,,,-9,11,,-1,,,-3,,3,,1,-7,,,,-10,,,,,,,,,,,,,,,,,,,,,,,,
088900_5..N73R::1404446400.0,,55,18,12,2,15,1,,,,,,26,5,15,,28,8,16,,,7,-2,15,62,,,12,,,19,-5,,2,,,3,,-19,,23,14,,,,24,,,,,,,,,,,,,,,,,,,,,,,,
090300_5..N73R::1404446400.0,,51,3,34,6,2,16,,,,,,13,2,21,,12,19,17,,,0,0,12,27,,,18,,,19,-5,,7,,,22,,29,,13,-3,,,,1,,,,,,,,,,,,,,,,,,,,,,,,
091300_5..N73R::1404446400.0,,61,16,31,14,18,-5,,,,,,19,-5,16,,49,-4,14,,,28,14,24,126,,,-1,,,17,14,,18,,,10,,11,,3,25,,,,3,,,,,,,,,,,,,,,,,,,,,,,,
092700_5..N73R::1404446400.0,,47,26,19,3,-10,8,,,,,,6,4,33,,19,16,17,,,15,4,-18,53,,,-10,,,-5,-3,,1,,,-2,,-19,,23,10,,,,25,,,,,,,,,,,,,,,,,,,,,,,,
093700_5..N73R::1404446400.0,,75,11,31,5,-5,24,,,,,,19,-5,28,,20,-10,25,,,28,15,6,46,,,-4,,,10,11,,10,,,0,,-19,,-8,6,,,,4,,,,,,,,,,,,,,,,,,,,,,,,
095100_5..N73R::1404446400.0,,67,29,28,-8,13,24,,,,,,6,16,11,,33,3,1,,,21,24,25,57,,,4,,,19,14,,21,,,27,,11,,8,52,,,,10,,,,,,,,,,,,,,,,,,,,,,,,
096100_5..N73R::1404446400.0,,44,15,11,-26,0,18,,,,,,25,15,52,,25,-12,-3,,,5,7,16,4,,,-7,,,-2,5,,4,,,14,,-19,,11,24,,,,0,,,,,,,,,,,,,,,,,,,,,,,,
097500_5..N73R::1404446400.0,,44,17,32,9,8,28,,,,,,2,9,4,,28,17,15,,,22,26,-24,31,,,-6,,,18,3,,15,,,10,,161,,-2,0,,,,14,,,,,,,,,,,,,,,,,,,,,,,,
098500_5..N73R::1404446400.0,,49,24,8,-2,-1,9,,,,,,-6,12,11,,16,13,23,,,5,7,10,59,,,0,,,-13,18,,-3,,,1,,-19,,-4,10,,,,-14,,,,,,,,,,,,,,,,,,,,,,,,
103300_5..N73R::1404446400.0,,13,19,20,-10,17,13,,,,,,-4,4,52,,17,8,20,,,6,-3,2,28,,,15,,,14,-1,,18,,,6,,-19,,0,8,,,,-7,,,,,,,,,,,,,,,,,,,,,,,,
100900_5..N73R::1404446400.0,,46,27,27,-17,8,8,,,,,,-6,-12,2,,17,-1,23,,,-4,-6,24,50,,,15,,,-3,-31,,8,,,4,,-19,,4,41,,,,29,,,,,,,,,,,,,,,,,,,,,,,,
102300_5..N73R::1404446400.0,,67,4,5,30,10,12,,,,,,3,-6,25,,16,-2,25,,,6,19,8,13,,,4,,,-5,-13,,3,,,4,,11,,3,26,,,,-12,,,,,,,,,,,,,,,,,,,,,,,,
104700_5..N73R::1404446400.0,,50,2,15,-7,13,34,,,,,,8,7,18,,5,12,-3,,,14,8,15,30,,,-7,,,-10,13,,-2,,,-11,,-19,,6,8,,,,0,,,,,,,,,,,,,,,,,,,,,,,,
105700_5..N73R::1404446400.0,,46,23,8,-5,21,6,,,,,,-2,0,20,,31,10,33,,,7,-27,26,42,,,-6,,,21,10,,-8,,,27,,-19,,12,6,,,,22,,,,,,,,,,,,,,,,,,,,,,,,
107100_5..N73R::1404446400.0,,61,-26,22,-10,8,7,,,,,,8,10,12,,38,6,20,,,19,-1,11,57,,,17,,,20,2,,19,,,-6,,-19,,16,19,,,,20,,,,,,,,,,,,,,,,,,,,,,,,
109500_5..N73R::1404446400.0,,43,13,32,-33,-14,16,,,,,,16,1,21,,40,13,20,,,28,13,16,7,,,-35,,,-7,3,,-2,,,7,,11,,177,30,,,,3,,,,,,,,,,,,,,,,,,,,,,,,
108100_5..N73R::1404446400.0,,44,30,9,-12,8,21,,,,,,2,5,72,,7,4,7,,,10,26,22,6,,,5,,,23,-8,,16,,,-8,,-19,,20,15,,,,0,,,,,,,,,,,,,,,,,,,,,,,,
110500_5..N73R::1404446400.0,,45,5,28,-24,-15,2,,,,,,9,-8,19,,26,-6,17,,,21,-10,17,2,,,-15,,,-32,3,,2,,,-6,,30,,18,19,,,,11,,,,,,,,,,,,,,,,,,,,,,,,
111900_5..N73R::1404446400.0,,60,34,42,0,5,32,,,,,,18,3,15,,26,11,22,,,33,24,-1,-27,,,25,,,11,-6,,3,,,20,,32,,5,23,,,,-1,,,,,,,,,,,,,,,,,,,,,,,,
112900_5..N73R::1404446400.0,,79,7,36,-3,25,8,,,,,,16,15,-21,,35,12,-20,,,26,-28,16,29,,,-11,,,-9,4,,-4,,,12,,11,,2,6,,,,-3,,,,,,,,,,,,,,,,,,,,,,,,
114300_5..N73R::1404446400.0,,54,23,14,-6,4,10,,,,,,4,20,39,,17,4,22,,,11,15,31,7,,,-3,,,10,11,,-11,,,16,,-19,,9,16,,,,-12,,,,,,,,,,,,,,,,,,,,,,,,
115350_5..N73R::1404446400.0,,44,13,12,6,-4,20,,,,,,11,12,32,,19,-10,23,,,13,14,14,34,,,8,,,-6,-5,,0,,,-4,,-19,,18,11,,,,13,,,,,,,,,,,,,,,,,,,,,,,,
116750_5..N73R::1404446400.0,,51,-18,19,-14,22,23,,,,,,-22,-1,8,,28,6,30,,,-10,2,8,9,,,-10,,,9,8,,8,,,-9,,-19,,19,10,,,,15,,,,,,,,,,,,,,,,,,,,,,,,
117750_5..N73R::1404446400.0,,72,10,9,8,6,-1,,,,,,24,-32,22,,42,-8,28,,,5,1,39,6,,,17,,,0,-5,,5,,,12,,-19,,-3,7,,,,17,,,,,,,,,,,,,,,,,,,,,,,,
119150_5..N73R::1404446400.0,,67,17,23,30,23,7,,,,,,17,28,54,,204,-11,21,,,22,16,-22,58,,,-8,,,-12,10,,-3,,,-10,,11,,18,16,,,,12,,,,,,,,,,,,,,,,,,,,,,,,
120450_5..N73R::1404446400.0,,60,25,24,23,10,24,,,,,,3,18,-2,,66,1,29,,,19,17,16,26,,,-7,,,28,4,,-6,,,-24,,22,,18,23,,,,26,,,,,,,,,,,,,,,,,,,,,,,,
121550_5..N73R::1404446400.0,,58,13,26,16,-2,-20,,,,,,20,18,18,,20,2,-21,,,27,-2,14,41,,,13,,,-2,-1,,13,,,17,,-19,,17,17,,,,-9,,,,,,,,,,,,,,,,,,,,,,,,
122850_5..N73R::1404446400.0,,50,16,9,-8,8,8,,,,,,19,2,65,,57,7,28,,,35,20,6,30,,,-21,,,13,19,,20,,,23,,-19,,-6,14,,,,26,,,,,,,,,,,,,,,,,,,,,,,,
124150_5..N73R::1404446400.0,,42,13,16,8,-26,21,,,,,,24,2,0,,44,18,38,,,7,13,10,10,,,1,,,10,-1,,12,,,22,,-19,,8,20,,,,19,,,,,,,,,,,,,,,,,,,,,,,,
125350_5..N73R::1404446400.0,,14,29,25,-10,14,8,,,,,,12,13,7,,39,3,15,,,24,25,19,1,,,15,,,16,-2,,20,,,19,,-19,,2,0,,,,20,,,,,,,,,,,,,,,,,,,,,,,,
126550_5..N73R::1404446400.0,,43,-18,10,9,-5,9,,,,,,1,-10,53,,23,-4,-3,,,-24,-9,7,10,,,-15,,,-8,5,,4,,,9,,-19,,7,3,,,,13,,,,,,,,,,,,,,,,,,,,,,,,
127750_5..N73R::1404446400.0,,58,25,7,5,-3,25,,,,,,-2,24,6,,49,14,40,,,4,3,22,14,,,15,,,-3,28,,2,,,-2,,11,,-5,23,,,,13,,,,,,,,,,,,,,,,,,,,,,,,
128950_5..N73R::1404446400.0,,53,2,15,-6,-1,29,,,,,,7,0,21,,36,5,44,,,12,12,-6,25,,,19,,,0,-4,,-9,,,-17,,11,,-4,9,,,,19,,,,,,,,,,,,,,,,,,,,,,,,
130150_5..N73R::1404446400.0,,62,19,11,6,9,25,,,,,,9,-3,18,,46,9,35,,,-28,16,13,-12,,,14,,,12,24,,8,,,-3,,-19,,18,10,,,,6,,,,,,,,,,,,,,,,,,,,,,,,
131350_5..N73R::1404446400.0,,66,5,23,7,18,-15,,,,,,14,20,14,,42,-6,44,,,23,12,30,17,,,-28,,,6,10,,-27,,,21,,-19,,4,28,,,,-33,,,,,,,,,,,,,,,,,,,,,,,,
132550_5..N73R::1404446400.0,,49,2,5,10,6,54,,,,,,1,23,36,,28,-9,45,,,4,-10,21,53,,,13,,,-2,4,,4,,,-6,,-19,,-22,23,,,,33,,,,,,,,,,,,,,,,,,,,,,,,
133750_5..N73R::1404446400.0,,51,10,18,29,32,107,,,,,,25,25,70,,31,0,155,,,6,7,14,74,,,18,,,-77,-4,,-35,,,29,,-109,,20,148,,,,16,,,,,,,,,,,,,,,,,,,,,,,,
134950_5..N73R::1404446400.0,,49,18,25,-3,16,47,,,,,,20,2,113,,26,-16,25,,,27,8,7,49,,,-3,,,13,15,,-9,,,1,,-229,,23,-1,,,,25,,,,,,,,,,,,,,,,,,,,,,,,
136150_5..N73R::1404446400.0,,44,19,18,4,40,138,,,,,,6,4,17,,44,-12,30,,,15,3,16,32,,,-11,,,-2,0,,5,,,24,,-379,,-1,6,,,,-31,,,,,,,,,,,,,,,,,,,,,,,,
137350_5..N73R::1404446400.0,,-72,19,11,14,11,56,,,,,,-26,12,43,,49,-4,51,,,10,13,33,44,,,-9,,,28,1,,18,,,16,,-19,,1,55,,,,138,,,,,,,,,,,,,,,,,,,,,,,,
138550_5..N73R::1404446400.0,,,-79,35,-10,23,138,,,,,,1,2,193,,85,-3,36,,,31,17,25,30,,,4,,,-7,10,,18,,,-3,,-349,,16,24,,,,-28,,,,,,,,,,,,,,,,,,,,,,,,
139750_5..N73R::1404446400.0,,,,,19,21,27,,,,,,,8,274,,-51,0,25,,,,-7,3,66,,,11,,,16,-3,,17,,,16,,-349,,7,26,,,,19,,,,,,,,,,,,,,,,,,,,,,,,
140950_5..N12R::1404446400.0,,,,,,-21,17,,,,,,,,26,,,,9,,,,,10,29,,,,,,-12,,,,,,7,,-19,,5,33,,,,5,,,,,,,,,,,,,,,,,,,,,,,,
142150_5..N12R::1404446400.0,,,,,,,31,,,,,,,,51,,,,20,,,,,,47,,,,,,,,,,,,-87,,39,,,,,,,34,,,,,,,,,,,,,,,,,,,,,,,,
144300_5..N32R::1404532800.0,,,,,,,,,,,,,,,,,6641,,,,,,,,,,,,,,,,,,,,,,,,,,,,,,,,,,,,,,,,,,,,,,,,,,,,,
137350_5..N73R::1404532800.0,,68,,,,,,,,,,,,,,,,,,,,,,,,,,,,,,,,,,,,,,,,,,,,,,,,,,,,,,,,,,,,,,,,,,,,
138550_5..N73R::1404532800.0,,44,20,,,,,,,,,,,,,,,,,,,,,,,,,,,,,,,,,,,,,,,,,,,,,,,,,,,,,,,,,,,,,,,,,,,
139750_5..N73R::1404532800.0,,41,0,12,,,,,,,,,5,,,,24,,,,,11,,,,,,,,,,,,,,,,,,,,,,,,,,,,,,,,,,,,,,,,,,,,,,,,
140950_5..N12R::1404532800.0,,,,,13,,,,,,,,,0,,,11,26,,,,,5,,,,,16,,,,-2,,15,,,,,,,,,,,,,,,,,,,,,,,,,,,,,,,,,,,,
142150_5..N12R::1404532800.0,,,,,9,6,,,,,,,,17,,,35,-7,,,,,15,18,,,,12,,,11,-2,,11,,,14,,,,27,27,,,,,,,,,,,,,,,,,,,,,,,,,,,,
004300_5..N32R::1404532800.0,,,,,,,,,,,,,,,,,4241,,,,,,,,,,,,,,,,,,,,,,,,,,,,,,,,,,,,,,,,,,,,,,,,,,,,,
006300_5..N32R::1404532800.0,,,,,,,,,,,,,,,,,6641,,,,,,,,,,,,,,,,,,,,,,,,,,,,,,,,,,,,,,,,,,,,,,,,,,,,,
008300_5..N32R::1404532800.0,,,,,,,,,,,,,,,,,5441,,,,,,,,,,,,,,,,,,,,,,,,,,,,,,,,,,,,,,,,,,,,,,,,,,,,,
010300_5..N32R::1404532800.0,,,,,,,,,,,,,,,,,4241,,,,,,,,,,,,,,,,,,,,,,,,,,,,,,,,,,,,,,,,,,,,,,,,,,,,,
012300_5..N32R::1404532800.0,,,,,,,,,,,,,,,,,6641,,,,,,,,,,,,,,,,,,,,,,,,,,,,,,,,,,,,,,,,,,,,,,,,,,,,,
014300_5..N32R::1404532800.0,,,,,,,,,,,,,,,,,5441,,,,,,,,,,,,,,,,,,,,,,,,,,,,,,,,,,,,,,,,,,,,,,,,,,,,,
016300_5..N32R::1404532800.0,,,,,,,,,,,,,,,,,4241,,,,,,,,,,,,,,,,,,,,,,,,,,,,,,,,,,,,,,,,,,,,,,,,,,,,,
018300_5..N32R::1404532800.0,,25,11,,,,,,,,,,-19,,,,401,,,,,,,,,,,,,,,,,,,,,,,,,,,,,,,,,,,,,,,,,,,,,,,,,,,,,
020300_5..N32R::1404532800.0,,50,5,13,,,,,,,,,4,,,,11,,,,,16,,,,,,,,,,,,,,,,,,,,,,,,,,,,,,,,,,,,,,,,,,,,,,,,
022300_5..N32R::1404532800.0,,62,6,0,,,,,,,,,2,,,,71,,,,,5,,,,,,,,,,,,,,,,,,,,,,,,,,,,,,,,,,,,,,,,,,,,,,,,
024300_5..N32X002::1404532800.0,,66,14,-10,,,,,,,,,18,,,,311,,,,,-4,,,,,,,,,,,,,,,,,,,,,,,,,,,,,,,,,,,,,,,,,,,,,,,,
026300_5..N32X002::1404532800.0,,57,2,0,,,,,,,,,-4,,,,-19,,,,,-23,,,,,,,,,,,,,,,,,,,,,,,,,,,,,,,,,,,,,,,,,,,,,,,,
028300_5..N32X002::1404532800.0,,58,10,4,,,,,,,,,3,,,,-19,,,,,10,,,,,,,,,,,,,,,,,,,,,,,,,,,,,,,,,,,,,,,,,,,,,,,,
030300_5..N32X002::1404532800.0,,51,-2,23,,,,,,,,,-8,,,,-109,,,,,29,,,,,,,,,,,,,,,,,,,,,,,,,,,,,,,,,,,,,,,,,,,,,,,,
032300_5..N32X002::1404532800.0,,352,-10,9,,,,,,,,,2,,,,-199,,,,,12,,,,,,,,,,,,,,,,,,,,,,,,,,,,,,,,,,,,,,,,,,,,,,,,
033300_5..N01X004::1404532800.0,,65,24,2,,,,,,,,,-4,,,,-79,,,,,4,,,,,,,,,,,,,,,,,,,,,,,,,,,,,,,,,,,,,,,,,,,,,,,,
034500_5..N01X004::1404532800.0,,50,-2,-130,,,,,,,,,,,,,71,,,,,,,,,,,,,,,,,,,,,,,,,,,,,,,,,,,,,,,,,,,,,,,,,,,,,
036500_5..N01X004::1404532800.0,,42,18,25,,,,,,,,,16,,,,-49,,,,,22,,,,,,,,,,,,,,,,,,,,,,,,,,,,,,,,,,,,,,,,,,,,,,,,
038100_5..N01X004::1404532800.0,,65,23,10,,,,,,,,,-26,,,,161,,,,,15,,,,,,,,,,,,,,,,,,,,,,,,,,,,,,,,,,,,,,,,,,,,,,,,
039300_5..N01X004::1404532800.0,,54,25,-17,,,,,,,,,-5,,,,191,,,,,4,,,,,,,,,,,,,,,,,,,,,,,,,,,,,,,,,,,,,,,,,,,,,,,,
040500_5..N01X004::1404532800.0,,41,7,19,,,,,,,,,9,,,,-19,,,,,18,,,,,,,,,,,,,,,,,,,,,,,,,,,,,,,,,,,,,,,,,,,,,,,,
041700_5..N01X004::1404532800.0,,54,-3,25,,,,,,,,,-6,,,,-79,,,,,-2,,,,,,,,,,,,,,,,,,,,,,,,,,,,,,,,,,,,,,,,,,,,,,,,
042600_5..N01X004::1404532800.0,,40,11,10,,,,,,,,,-1,,,,71,,,,,10,,,,,,,,,,,,,,,,,,,,,,,,,,,,,,,,,,,,,,,,,,,,,,,,
043800_5..N01X004::1404532800.0,,48,21,17,,,,,,,,,21,,,,-19,,,,,22,,,,,,,,,,,,,,,,,,,,,,,,,,,,,,,,,,,,,,,,,,,,,,,,
045000_5..N01X004::1404532800.0,,68,13,7,,,,,,,,,11,,,,131,,,,,13,,,,,,,,,,,,,,,,,,,,,,,,,,,,,,,,,,,,,,,,,,,,,,,,
046200_5..N01X004::1404532800.0,,46,2,28,,,,,,,,,-2,,,,-49,,,,,1,,,,,,,,,,,,,,,,,,,,,,,,,,,,,,,,,,,,,,,,,,,,,,,,
047400_5..N01X004::1404532800.0,,36,19,12,,,,,,,,,23,,,,-49,,,,,6,,,,,,,,,,,,,,,,,,,,,,,,,,,,,,,,,,,,,,,,,,,,,,,,
048600_5..N01X004::1404532800.0,,63,26,34,,,,,,,,,-30,,,,-49,,,,,28,,,,,,,,,,,,,,,,,,,,,,,,,,,,,,,,,,,,,,,,,,,,,,,,
049800_5..N01X004::1404532800.0,,50,9,-12,,,,,,,,,12,,,,-109,,,,,19,,,,,,,,,,,,,,,,,,,,,,,,,,,,,,,,,,,,,,,,,,,,,,,,
051000_5..N01X004::1404532800.0,,45,16,11,,,,,,,,,12,,,,41,,,,,14,,,,,,,,,,,,,,,,,,,,,,,,,,,,,,,,,,,,,,,,,,,,,,,,
052200_5..N01X004::1404532800.0,,2,2,15,,,,,,,,,4,,,,71,,,,,12,,,,,,,,,,,,,,,,,,,,,,,,,,,,,,,,,,,,,,,,,,,,,,,,
053400_5..N01X004::1404532800.0,,,,-204,,,,,,,,,,,,,41,,,,,,,,,,,,,,,,,,,,,,,,,,,,,,,,,,,,,,,,,,,,,,,,,,,,,
054600_5..N01X004::1404532800.0,,,,,,,,,,,,,,,,,-619,,,,,,,,,,,,,,,,,,,,,,,,,,,,,,,,,,,,,,,,,,,,,,,,,,,,,
055800_5..N01X004::1404532800.0,,,,,,,,,,,,,,,,,-1339,,,,,,,,,,,,,,,,,,,,,,,,,,,,,,,,,,,,,,,,,,,,,,,,,,,,,
058200_5..N01X004::1404532800.0,,57,19,,,,,,,,,,31,,,,,,,,,15,,,,,,,,,,,,,,,,,,,,,,,,,,,,,,,,,,,,,,,,,,,,,,,,
059400_5..N01X004::1404532800.0,,46,12,30,,,,,,,,,18,,,,131,,,,,28,,,,,,,,,,,,,,,,,,,,,,,,,,,,,,,,,,,,,,,,,,,,,,,,
060600_5..N01X004::1404532800.0,,48,19,11,,,,,,,,,14,,,,101,,,,,18,,,,,,,,,,,,,,,,,,,,,,,,,,,,,,,,,,,,,,,,,,,,,,,,
061800_5..N01X004::1404532800.0,,56,13,22,,,,,,,,,16,,,,41,,,,,24,,,,,,,,,,,,,,,,,,,,,,,,,,,,,,,,,,,,,,,,,,,,,,,,
063000_5..N01X004::1404532800.0,,56,24,32,,,,,,,,,-6,,,,71,,,,,-3,,,,,,,,,,,,,,,,,,,,,,,,,,,,,,,,,,,,,,,,,,,,,,,,
064200_5..N01X004::1404532800.0,,68,10,14,,,,,,,,,10,,,,161,,,,,16,,,,,,,,,,,,,,,,,,,,,,,,,,,,,,,,,,,,,,,,,,,,,,,,
065400_5..N01X004::1404532800.0,,51,0,32,,,,,,,,,-1,,,,191,,,,,27,,,,,,,,,,,,,,,,,,,,,,,,,,,,,,,,,,,,,,,,,,,,,,,,
066600_5..N01X004::1404532800.0,,72,24,-25,,,,,,,,,-1,,,,131,,,,,9,,,,,,,,,,,,,,,,,,,,,,,,,,,,,,,,,,,,,,,,,,,,,,,,
067800_5..N01X004::1404532800.0,,26,11,44,,,,,,,,,8,,,,11,,,,,16,,,,,,,,,,,,,,,,,,,,,,,,,,,,,,,,,,,,,,,,,,,,,,,,
069000_5..N01X004::1404532800.0,,53,9,28,,,,,,,,,13,,,,-19,,,,,24,,,,,,,,,,,,,,,,,,,,,,,,,,,,,,,,,,,,,,,,,,,,,,,,
070200_5..N01X004::1404532800.0,,68,3,4,,,,,,,,,1,,,,101,,,,,6,,,,,,,,,,,,,,,,,,,,,,,,,,,,,,,,,,,,,,,,,,,,,,,,
071400_5..N01X004::1404532800.0,,69,-14,28,,,,,,,,,8,,,,131,,,,,24,,,,,,,,,,,,,,,,,,,,,,,,,,,,,,,,,,,,,,,,,,,,,,,,
072600_5..N01X004::1404532800.0,,61,16,38,,,,,,,,,24,,,,131,,,,,2,,,,,,,,,,,,,,,,,,,,,,,,,,,,,,,,,,,,,,,,,,,,,,,,
073800_5..N01X004::1404532800.0,,65,7,26,,,,,,,,,6,,,,41,,,,,12,,,,,,,,,,,,,,,,,,,,,,,,,,,,,,,,,,,,,,,,,,,,,,,,
075000_5..N01X004::1404532800.0,,45,23,23,,,,,,,,,18,,,,41,,,,,21,,,,,,,,,,,,,,,,,,,,,,,,,,,,,,,,,,,,,,,,,,,,,,,,
076200_5..N01X004::1404532800.0,,49,5,29,,,,,,,,,11,,,,71,,,,,19,,,,,,,,,,,,,,,,,,,,,,,,,,,,,,,,,,,,,,,,,,,,,,,,
077400_5..N01X004::1404532800.0,,72,-13,17,,,,,,,,,16,,,,41,,,,,19,,,,,,,,,,,,,,,,,,,,,,,,,,,,,,,,,,,,,,,,,,,,,,,,
078600_5..N01X004::1404532800.0,,74,9,28,,,,,,,,,13,,,,161,,,,,26,,,,,,,,,,,,,,,,,,,,,,,,,,,,,,,,,,,,,,,,,,,,,,,,
079800_5..N01X004::1404532800.0,,63,23,18,,,,,,,,,19,,,,71,,,,,21,,,,,,,,,,,,,,,,,,,,,,,,,,,,,,,,,,,,,,,,,,,,,,,,
081000_5..N01X004::1404532800.0,,34,23,9,,,,,,,,,-1,,,,71,,,,,9,,,,,,,,,,,,,,,,,,,,,,,,,,,,,,,,,,,,,,,,,,,,,,,,
082200_5..N01X004::1404532800.0,,52,7,-10,,,,,,,,,11,,,,41,,,,,20,,,,,,,,,,,,,,,,,,,,,,,,,,,,,,,,,,,,,,,,,,,,,,,,
083400_5..N01X004::1404532800.0,,62,18,26,,,,,,,,,20,,,,191,,,,,25,,,,,,,,,,,,,,,,,,,,,,,,,,,,,,,,,,,,,,,,,,,,,,,,
084600_5..N01X004::1404532800.0,,56,-1,5,,,,,,,,,2,,,,101,,,,,6,,,,,,,,,,,,,,,,,,,,,,,,,,,,,,,,,,,,,,,,,,,,,,,,
085800_5..N01X004::1404532800.0,,54,38,17,,,,,,,,,24,,,,-19,,,,,9,,,,,,,,,,,,,,,,,,,,,,,,,,,,,,,,,,,,,,,,,,,,,,,,
087000_5..N01X004::1404532800.0,,49,10,-20,,,,,,,,,7,,,,-49,,,,,11,,,,,,,,,,,,,,,,,,,,,,,,,,,,,,,,,,,,,,,,,,,,,,,,
088200_5..N01X004::1404532800.0,,46,28,-3,,,,,,,,,-10,,,,71,,,,,-2,,,,,,,,,,,,,,,,,,,,,,,,,,,,,,,,,,,,,,,,,,,,,,,,
089400_5..N01X004::1404532800.0,,71,1,10,,,,,,,,,1,,,,41,,,,,11,,,,,,,,,,,,,,,,,,,,,,,,,,,,,,,,,,,,,,,,,,,,,,,,
090600_5..N01X004::1404532800.0,,53,6,24,,,,,,,,,9,,,,101,,,,,24,,,,,,,,,,,,,,,,,,,,,,,,,,,,,,,,,,,,,,,,,,,,,,,,
091800_5..N01X004::1404532800.0,,62,16,24,,,,,,,,,16,,,,71,,,,,27,,,,,,,,,,,,,,,,,,,,,,,,,,,,,,,,,,,,,,,,,,,,,,,,
093000_5..N01X004::1404532800.0,,62,28,7,,,,,,,,,1,,,,-79,,,,,8,,,,,,,,,,,,,,,,,,,,,,,,,,,,,,,,,,,,,,,,,,,,,,,,
094200_5..N01X004::1404532800.0,,64,13,27,,,,,,,,,26,,,,11,,,,,16,,,,,,,,,,,,,,,,,,,,,,,,,,,,,,,,,,,,,,,,,,,,,,,,
095400_5..N01X004::1404532800.0,,59,23,32,,,,,,,,,-6,,,,131,,,,,2,,,,,,,,,,,,,,,,,,,,,,,,,,,,,,,,,,,,,,,,,,,,,,,,
096600_5..N01X004::1404532800.0,,60,20,25,,,,,,,,,22,,,,-19,,,,,-2,,,,,,,,,,,,,,,,,,,,,,,,,,,,,,,,,,,,,,,,,,,,,,,,
097800_5..N01X004::1404532800.0,,64,20,-26,,,,,,,,,-12,,,,101,,,,,33,,,,,,,,,,,,,,,,,,,,,,,,,,,,,,,,,,,,,,,,,,,,,,,,
099000_5..N01X004::1404532800.0,,54,3,15,,,,,,,,,3,,,,11,,,,,13,,,,,,,,,,,,,,,,,,,,,,,,,,,,,,,,,,,,,,,,,,,,,,,,
100200_5..N01X004::1404532800.0,,63,10,14,,,,,,,,,11,,,,11,,,,,17,,,,,,,,,,,,,,,,,,,,,,,,,,,,,,,,,,,,,,,,,,,,,,,,
101400_5..N01X004::1404532800.0,,71,33,33,,,,,,,,,17,,,,-19,,,,,28,,,,,,,,,,,,,,,,,,,,,,,,,,,,,,,,,,,,,,,,,,,,,,,,
102600_5..N01X004::1404532800.0,,77,23,8,,,,,,,,,17,,,,41,,,,,-14,,,,,,,,,,,,,,,,,,,,,,,,,,,,,,,,,,,,,,,,,,,,,,,,
103800_5..N01X004::1404532800.0,,68,16,22,,,,,,,,,33,,,,71,,,,,17,,,,,,,,,,,,,,,,,,,,,,,,,,,,,,,,,,,,,,,,,,,,,,,,
105000_5..N01X004::1404532800.0,,56,27,7,,,,,,,,,0,,,,41,,,,,6,,,,,,,,,,,,,,,,,,,,,,,,,,,,,,,,,,,,,,,,,,,,,,,,
106250_5..N01X004::1404532800.0,,13,3,9,,,,,,,,,6,,,,71,,,,,12,,,,,,,,,,,,,,,,,,,,,,,,,,,,,,,,,,,,,,,,,,,,,,,,
107450_5..N01X004::1404532800.0,,,,,,,,,,,,,,,,,41,,,,,,,,,,,,,,,,,,,,,,,,,,,,,,,,,,,,,,,,,,,,,,,,,,,,,
108650_5..N01X004::1404532800.0,,,,,,,,,,,,,,,,,-679,,,,,,,,,,,,,,,,,,,,,,,,,,,,,,,,,,,,,,,,,,,,,,,,,,,,,
109850_5..N01X004::1404532800.0,,,,,,,,,,,,,,,,,-1399,,,,,,,,,,,,,,,,,,,,,,,,,,,,,,,,,,,,,,,,,,,,,,,,,,,,,
132650_5..N01X004::1404532800.0,,68,,,,,,,,,,,,,,,,,,,,,,,,,,,,,,,,,,,,,,,,,,,,,,,,,,,,,,,,,,,,,,,,,,,,
133850_5..N01X004::1404532800.0,,68,28,25,,,,,,,,,4,,,,71,,,,,16,,,,,,,,,,,,,,,,,,,,,,,,,,,,,,,,,,,,,,,,,,,,,,,,
135050_5..N01X004::1404532800.0,,63,18,31,,,,,,,,,19,,,,11,,,,,31,,,,,,,,,,,,,,,,,,,,,,,,,,,,,,,,,,,,,,,,,,,,,,,,
136250_5..N01X004::1404532800.0,,71,12,-114,,,,,,,,,11,,,,-79,,,,,186,,,,,,,,,,,,,,,,,,,,,,,,,,,,,,,,,,,,,,,,,,,,,,,,
137450_5..N01X004::1404532800.0,,65,14,11,,,,,,,,,-127,,,,-49,,,,,14,,,,,,,,,,,,,,,,,,,,,,,,,,,,,,,,,,,,,,,,,,,,,,,,
139150_5..N01X004::1404532800.0,,,,-124,,,,,,,,,,,,,-379,,,,,,,,,,,,,,,,,,,,,,,,,,,,,,,,,,,,,,,,,,,,,,,,,,,,,
140000_5..N01X004::1404532800.0,,61,34,37,,,,,,,,,17,,,,11,,,,,29,,,,,,,,,,,,,,,,,,,,,,,,,,,,,,,,,,,,,,,,,,,,,,,,
141200_5..N01X004::1404532800.0,,52,4,-3,,,,,,,,,0,,,,11,,,,,3,,,,,,,,,,,,,,,,,,,,,,,,,,,,,,,,,,,,,,,,,,,,,,,,
142500_5..N01X004::1404532800.0,,2,5,28,,,,,,,,,15,,,,71,,,,,27,,,,,,,,,,,,,,,,,,,,,,,,,,,,,,,,,,,,,,,,,,,,,,,,
144300_5..N32X002::1404532800.0,,,,,,,,,,,,,,,,,-199,,,,,,,,,,,,,,,,,,,,,,,,,,,,,,,,,,,,,,,,,,,,,,,,,,,,,
002300_5..N32X002::1404532800.0,,,,,,,,,,,,,,,,,-1399,,,,,,,,,,,,,,,,,,,,,,,,,,,,,,,,,,,,,,,,,,,,,,,,,,,,,
144300_5..N32X002::1404619200.0,,43,19,27,,,,,,,,,-23,,,,281,,,,,23,,,,,,,,,,,,,,,,,,,,,,,,,,,,,,,,,,,,,,,,,,,,,,,,
002300_5..N32X002::1404619200.0,,52,5,25,,,,,,,,,-4,,,,-49,,,,,0,,,,,,,,,,,,,,,,,,,,,,,,,,,,,,,,,,,,,,,,,,,,,,,,
142500_5..N01X004::1404619200.0,,75,,,,,,,,,,,,,,,,,,,,,,,,,,,,,,,,,,,,,,,,,,,,,,,,,,,,,,,,,,,,,,,,,,,,
004300_5..N32X002::1404619200.0,,64,19,14,,,,,,,,,-4,,,,-49,,,,,14,,,,,,,,,,,,,,,,,,,,,,,,,,,,,,,,,,,,,,,,,,,,,,,,
006300_5..N32X002::1404619200.0,,60,-20,5,,,,,,,,,6,,,,-19,,,,,13,,,,,,,,,,,,,,,,,,,,,,,,,,,,,,,,,,,,,,,,,,,,,,,,
008300_5..N32X002::1404619200.0,,40,-8,22,,,,,,,,,-134,,,,71,,,,,20,,,,,,,,,,,,,,,,,,,,,,,,,,,,,,,,,,,,,,,,,,,,,,,,
010300_5..N32X002::1404619200.0,,65,15,-2,,,,,,,,,7,,,,-19,,,,,6,,,,,,,,,,,,,,,,,,,,,,,,,,,,,,,,,,,,,,,,,,,,,,,,
012300_5..N32X002::1404619200.0,,56,11,6,,,,,,,,,19,,,,41,,,,,6,,,,,,,,,,,,,,,,,,,,,,,,,,,,,,,,,,,,,,,,,,,,,,,,
014300_5..N32X002::1404619200.0,,72,32,25,,,,,,,,,-5,,,,-19,,,,,1,,,,,,,,,,,,,,,,,,,,,,,,,,,,,,,,,,,,,,,,,,,,,,,,
016300_5..N32X002::1404619200.0,,66,-13,14,,,,,,,,,-9,,,,41,,,,,14,,,,,,,,,,,,,,,,,,,,,,,,,,,,,,,,,,,,,,,,,,,,,,,,
018300_5..N32X002::1404619200.0,,42,19,13,,,,,,,,,16,,,,-19,,,,,18,,,,,,,,,,,,,,,,,,,,,,,,,,,,,,,,,,,,,,,,,,,,,,,,
020300_5..N32X002::1404619200.0,,58,12,19,,,,,,,,,17,,,,-79,,,,,38,,,,,,,,,,,,,,,,,,,,,,,,,,,,,,,,,,,,,,,,,,,,,,,,
022300_5..N32X002::1404619200.0,,54,1,27,,,,,,,,,-2,,,,-49,,,,,-11,,,,,,,,,,,,,,,,,,,,,,,,,,,,,,,,,,,,,,,,,,,,,,,,
024300_5..N32X002::1404619200.0,,67,1,-5,,,,,,,,,3,,,,71,,,,,22,,,,,,,,,,,,,,,,,,,,,,,,,,,,,,,,,,,,,,,,,,,,,,,,
026300_5..N32X002::1404619200.0,,44,27,26,,,,,,,,,-4,,,,-19,,,,,-1,,,,,,,,,,,,,,,,,,,,,,,,,,,,,,,,,,,,,,,,,,,,,,,,
028300_5..N32X002::1404619200.0,,61,10,6,,,,,,,,,15,,,,-49,,,,,34,,,,,,,,,,,,,,,,,,,,,,,,,,,,,,,,,,,,,,,,,,,,,,,,
030300_5..N32X002::1404619200.0,,44,24,-11,,,,,,,,,-9,,,,-49,,,,,24,,,,,,,,,,,,,,,,,,,,,,,,,,,,,,,,,,,,,,,,,,,,,,,,
032300_5..N32X002::1404619200.0,,41,22,-6,,,,,,,,,5,,,,-49,,,,,23,,,,,,,,,,,,,,,,,,,,,,,,,,,,,,,,,,,,,,,,,,,,,,,,
034300_5..N32X002::1404619200.0,,,,-131,,,,,,,,,,,,,7841,,,,,,,,,,,,,,,,,,,,,,,,,,,,,,,,,,,,,,,,,,,,,,,,,,,,,
036300_5..N32X002::1404619200.0,,57,0,18,,,,,,,,,3,,,,-19,,,,,18,,,,,,,,,,,,,,,,,,,,,,,,,,,,,,,,,,,,,,,,,,,,,,,,
038300_5..N32X002::1404619200.0,,487,21,10,,,,,,,,,12,,,,101,,,,,17,,,,,,,,,,,,,,,,,,,,,,,,,,,,,,,,,,,,,,,,,,,,,,,,
040000_5..N01X004::1404619200.0,,47,13,25,,,,,,,,,18,,,,101,,,,,26,,,,,,,,,,,,,,,,,,,,,,,,,,,,,,,,,,,,,,,,,,,,,,,,
042000_5..N01X004::1404619200.0,,53,0,1,,,,,,,,,4,,,,41,,,,,4,,,,,,,,,,,,,,,,,,,,,,,,,,,,,,,,,,,,,,,,,,,,,,,,
044000_5..N01X004::1404619200.0,,47,24,28,,,,,,,,,-6,,,,-79,,,,,-10,,,,,,,,,,,,,,,,,,,,,,,,,,,,,,,,,,,,,,,,,,,,,,,,
042050_5..N01X004::1404619200.0,,,,-235,,,,,,,,,,,,,-19,,,,,,,,,,,,,,,,,,,,,,,,,,,,,,,,,,,,,,,,,,,,,,,,,,,,,
046000_5..N01X004::1404619200.0,,46,24,27,,,,,,,,,-10,,,,-79,,,,,27,,,,,,,,,,,,,,,,,,,,,,,,,,,,,,,,,,,,,,,,,,,,,,,,
047500_5..N01X004::1404619200.0,,57,,-149,,,,,,,,,,,,,11,,,,,,,,,,,,,,,,,,,,,,,,,,,,,,,,,,,,,,,,,,,,,,,,,,,,,
048800_5..N01X004::1404619200.0,,55,11,3,,,,,,,,,15,,,,41,,,,,32,,,,,,,,,,,,,,,,,,,,,,,,,,,,,,,,,,,,,,,,,,,,,,,,
050000_5..N01X004::1404619200.0,,49,23,15,,,,,,,,,-13,,,,-139,,,,,18,,,,,,,,,,,,,,,,,,,,,,,,,,,,,,,,,,,,,,,,,,,,,,,,
051150_5..N01X004::1404619200.0,,61,6,10,,,,,,,,,-25,,,,-109,,,,,10,,,,,,,,,,,,,,,,,,,,,,,,,,,,,,,,,,,,,,,,,,,,,,,,
052350_5..N01X004::1404619200.0,,49,-1,3,,,,,,,,,-2,,,,-109,,,,,6,,,,,,,,,,,,,,,,,,,,,,,,,,,,,,,,,,,,,,,,,,,,,,,,
053550_5..N01X004::1404619200.0,,52,25,7,,,,,,,,,-4,,,,71,,,,,2,,,,,,,,,,,,,,,,,,,,,,,,,,,,,,,,,,,,,,,,,,,,,,,,
054750_5..N01X004::1404619200.0,,45,-4,17,,,,,,,,,-3,,,,-19,,,,,-16,,,,,,,,,,,,,,,,,,,,,,,,,,,,,,,,,,,,,,,,,,,,,,,,
055950_5..N01X004::1404619200.0,,27,18,33,,,,,,,,,18,,,,-79,,,,,27,,,,,,,,,,,,,,,,,,,,,,,,,,,,,,,,,,,,,,,,,,,,,,,,
057150_5..N01X004::1404619200.0,,53,17,24,,,,,,,,,14,,,,-109,,,,,23,,,,,,,,,,,,,,,,,,,,,,,,,,,,,,,,,,,,,,,,,,,,,,,,
058350_5..N01X004::1404619200.0,,40,17,20,,,,,,,,,17,,,,-169,,,,,22,,,,,,,,,,,,,,,,,,,,,,,,,,,,,,,,,,,,,,,,,,,,,,,,
059550_5..N01X004::1404619200.0,,58,8,-3,,,,,,,,,2,,,,-19,,,,,5,,,,,,,,,,,,,,,,,,,,,,,,,,,,,,,,,,,,,,,,,,,,,,,,
060750_5..N01X004::1404619200.0,,40,17,-3,,,,,,,,,17,,,,-139,,,,,25,,,,,,,,,,,,,,,,,,,,,,,,,,,,,,,,,,,,,,,,,,,,,,,,
061950_5..N01X004::1404619200.0,,57,1,-19,,,,,,,,,-3,,,,-169,,,,,3,,,,,,,,,,,,,,,,,,,,,,,,,,,,,,,,,,,,,,,,,,,,,,,,
063150_5..N01X004::1404619200.0,,48,2,13,,,,,,,,,4,,,,-139,,,,,11,,,,,,,,,,,,,,,,,,,,,,,,,,,,,,,,,,,,,,,,,,,,,,,,
064350_5..N01X004::1404619200.0,,54,19,37,,,,,,,,,19,,,,-139,,,,,29,,,,,,,,,,,,,,,,,,,,,,,,,,,,,,,,,,,,,,,,,,,,,,,,
065550_5..N01X004::1404619200.0,,56,3,8,,,,,,,,,2,,,,-169,,,,,8,,,,,,,,,,,,,,,,,,,,,,,,,,,,,,,,,,,,,,,,,,,,,,,,
066750_5..N01X004::1404619200.0,,51,25,3,,,,,,,,,-7,,,,-109,,,,,4,,,,,,,,,,,,,,,,,,,,,,,,,,,,,,,,,,,,,,,,,,,,,,,,
067950_5..N01X004::1404619200.0,,55,9,22,,,,,,,,,12,,,,41,,,,,22,,,,,,,,,,,,,,,,,,,,,,,,,,,,,,,,,,,,,,,,,,,,,,,,
069150_5..N01X004::1404619200.0,,55,24,10,,,,,,,,,-1,,,,-139,,,,,9,,,,,,,,,,,,,,,,,,,,,,,,,,,,,,,,,,,,,,,,,,,,,,,,
070350_5..N01X004::1404619200.0,,42,25,4,,,,,,,,,-7,,,,-109,,,,,5,,,,,,,,,,,,,,,,,,,,,,,,,,,,,,,,,,,,,,,,,,,,,,,,
071550_5..N01X004::1404619200.0,,67,10,3,,,,,,,,,7,,,,-229,,,,,9,,,,,,,,,,,,,,,,,,,,,,,,,,,,,,,,,,,,,,,,,,,,,,,,
072750_5..N01X004::1404619200.0,,46,-4,4,,,,,,,,,-5,,,,-199,,,,,4,,,,,,,,,,,,,,,,,,,,,,,,,,,,,,,,,,,,,,,,,,,,,,,,
073950_5..N01X004::1404619200.0,,47,26,6,,,,,,,,,-1,,,,-199,,,,,5,,,,,,,,,,,,,,,,,,,,,,,,,,,,,,,,,,,,,,,,,,,,,,,,
075150_5..N01X004::1404619200.0,,18,7,-7,,,,,,,,,9,,,,-109,,,,,19,,,,,,,,,,,,,,,,,,,,,,,,,,,,,,,,,,,,,,,,,,,,,,,,
076350_5..N01X004::1404619200.0,,72,28,10,,,,,,,,,-1,,,,-139,,,,,10,,,,,,,,,,,,,,,,,,,,,,,,,,,,,,,,,,,,,,,,,,,,,,,,
077550_5..N01X004::1404619200.0,,47,21,32,,,,,,,,,-9,,,,-49,,,,,1,,,,,,,,,,,,,,,,,,,,,,,,,,,,,,,,,,,,,,,,,,,,,,,,
078750_5..N01X004::1404619200.0,,64,-8,25,,,,,,,,,22,,,,-79,,,,,27,,,,,,,,,,,,,,,,,,,,,,,,,,,,,,,,,,,,,,,,,,,,,,,,
079950_5..N01X004::1404619200.0,,57,-18,29,,,,,,,,,-6,,,,-139,,,,,1,,,,,,,,,,,,,,,,,,,,,,,,,,,,,,,,,,,,,,,,,,,,,,,,
081150_5..N01X004::1404619200.0,,62,16,26,,,,,,,,,16,,,,-139,,,,,26,,,,,,,,,,,,,,,,,,,,,,,,,,,,,,,,,,,,,,,,,,,,,,,,
082350_5..N01X004::1404619200.0,,75,0,36,,,,,,,,,8,,,,41,,,,,28,,,,,,,,,,,,,,,,,,,,,,,,,,,,,,,,,,,,,,,,,,,,,,,,
083550_5..N01X004::1404619200.0,,48,0,25,,,,,,,,,-3,,,,-169,,,,,-2,,,,,,,,,,,,,,,,,,,,,,,,,,,,,,,,,,,,,,,,,,,,,,,,
084750_5..N01X004::1404619200.0,,62,5,20,,,,,,,,,-19,,,,41,,,,,18,,,,,,,,,,,,,,,,,,,,,,,,,,,,,,,,,,,,,,,,,,,,,,,,
086050_5..N01X004::1404619200.0,,63,28,3,,,,,,,,,-6,,,,-19,,,,,3,,,,,,,,,,,,,,,,,,,,,,,,,,,,,,,,,,,,,,,,,,,,,,,,
087250_5..N01X004::1404619200.0,,71,24,2,,,,,,,,,-5,,,,11,,,,,4,,,,,,,,,,,,,,,,,,,,,,,,,,,,,,,,,,,,,,,,,,,,,,,,
088450_5..N01X004::1404619200.0,,48,-3,12,,,,,,,,,3,,,,-19,,,,,10,,,,,,,,,,,,,,,,,,,,,,,,,,,,,,,,,,,,,,,,,,,,,,,,
089650_5..N01X004::1404619200.0,,58,0,5,,,,,,,,,-2,,,,-79,,,,,2,,,,,,,,,,,,,,,,,,,,,,,,,,,,,,,,,,,,,,,,,,,,,,,,
090850_5..N01X004::1404619200.0,,67,24,11,,,,,,,,,-4,,,,71,,,,,9,,,,,,,,,,,,,,,,,,,,,,,,,,,,,,,,,,,,,,,,,,,,,,,,
092050_5..N01X004::1404619200.0,,69,30,16,,,,,,,,,3,,,,-79,,,,,12,,,,,,,,,,,,,,,,,,,,,,,,,,,,,,,,,,,,,,,,,,,,,,,,
093250_5..N01X004::1404619200.0,,66,16,183,,,,,,,,,15,,,,-49,,,,,-8,,,,,,,,,,,,,,,,,,,,,,,,,,,,,,,,,,,,,,,,,,,,,,,,
094450_5..N01X004::1404619200.0,,66,15,18,,,,,,,,,13,,,,-79,,,,,19,,,,,,,,,,,,,,,,,,,,,,,,,,,,,,,,,,,,,,,,,,,,,,,,
095650_5..N01X004::1404619200.0,,44,20,14,,,,,,,,,14,,,,-109,,,,,17,,,,,,,,,,,,,,,,,,,,,,,,,,,,,,,,,,,,,,,,,,,,,,,,
096850_5..N01X004::1404619200.0,,63,30,17,,,,,,,,,4,,,,-79,,,,,13,,,,,,,,,,,,,,,,,,,,,,,,,,,,,,,,,,,,,,,,,,,,,,,,
098050_5..N01X004::1404619200.0,,67,21,7,,,,,,,,,-4,,,,-19,,,,,6,,,,,,,,,,,,,,,,,,,,,,,,,,,,,,,,,,,,,,,,,,,,,,,,
099250_5..N01X004::1404619200.0,,50,6,14,,,,,,,,,11,,,,41,,,,,20,,,,,,,,,,,,,,,,,,,,,,,,,,,,,,,,,,,,,,,,,,,,,,,,
100450_5..N01X004::1404619200.0,,55,16,21,,,,,,,,,16,,,,-49,,,,,24,,,,,,,,,,,,,,,,,,,,,,,,,,,,,,,,,,,,,,,,,,,,,,,,
101650_5..N01X004::1404619200.0,,69,17,31,,,,,,,,,21,,,,-79,,,,,-2,,,,,,,,,,,,,,,,,,,,,,,,,,,,,,,,,,,,,,,,,,,,,,,,
102850_5..N01X004::1404619200.0,,49,17,36,,,,,,,,,20,,,,-79,,,,,31,,,,,,,,,,,,,,,,,,,,,,,,,,,,,,,,,,,,,,,,,,,,,,,,
104050_5..N01X004::1404619200.0,,68,30,-9,,,,,,,,,10,,,,-79,,,,,17,,,,,,,,,,,,,,,,,,,,,,,,,,,,,,,,,,,,,,,,,,,,,,,,
105250_5..N01X004::1404619200.0,,72,22,18,,,,,,,,,21,,,,71,,,,,22,,,,,,,,,,,,,,,,,,,,,,,,,,,,,,,,,,,,,,,,,,,,,,,,
106450_5..N01X004::1404619200.0,,68,24,18,,,,,,,,,-1,,,,41,,,,,14,,,,,,,,,,,,,,,,,,,,,,,,,,,,,,,,,,,,,,,,,,,,,,,,
107650_5..N01X004::1404619200.0,,56,-17,8,,,,,,,,,2,,,,-79,,,,,8,,,,,,,,,,,,,,,,,,,,,,,,,,,,,,,,,,,,,,,,,,,,,,,,
108850_5..N01X004::1404619200.0,,61,11,23,,,,,,,,,13,,,,11,,,,,24,,,,,,,,,,,,,,,,,,,,,,,,,,,,,,,,,,,,,,,,,,,,,,,,
110050_5..N01X004::1404619200.0,,63,10,9,,,,,,,,,3,,,,-19,,,,,6,,,,,,,,,,,,,,,,,,,,,,,,,,,,,,,,,,,,,,,,,,,,,,,,
111250_5..N01X004::1404619200.0,,68,28,25,,,,,,,,,3,,,,-49,,,,,14,,,,,,,,,,,,,,,,,,,,,,,,,,,,,,,,,,,,,,,,,,,,,,,,
112450_5..N01X004::1404619200.0,,47,-22,4,,,,,,,,,4,,,,41,,,,,8,,,,,,,,,,,,,,,,,,,,,,,,,,,,,,,,,,,,,,,,,,,,,,,,
113650_5..N01X004::1404619200.0,,53,9,26,,,,,,,,,15,,,,-19,,,,,23,,,,,,,,,,,,,,,,,,,,,,,,,,,,,,,,,,,,,,,,,,,,,,,,
114850_5..N01X004::1404619200.0,,53,5,5,,,,,,,,,8,,,,-79,,,,,12,,,,,,,,,,,,,,,,,,,,,,,,,,,,,,,,,,,,,,,,,,,,,,,,
116050_5..N01X004::1404619200.0,,65,2,24,,,,,,,,,7,,,,-49,,,,,18,,,,,,,,,,,,,,,,,,,,,,,,,,,,,,,,,,,,,,,,,,,,,,,,
117250_5..N01X004::1404619200.0,,76,7,13,,,,,,,,,6,,,,-19,,,,,14,,,,,,,,,,,,,,,,,,,,,,,,,,,,,,,,,,,,,,,,,,,,,,,,
118450_5..N01X004::1404619200.0,,46,34,29,,,,,,,,,38,,,,-19,,,,,18,,,,,,,,,,,,,,,,,,,,,,,,,,,,,,,,,,,,,,,,,,,,,,,,
119650_5..N01X004::1404619200.0,,80,5,6,,,,,,,,,5,,,,-19,,,,,8,,,,,,,,,,,,,,,,,,,,,,,,,,,,,,,,,,,,,,,,,,,,,,,,
120850_5..N01X004::1404619200.0,,43,33,22,,,,,,,,,10,,,,-19,,,,,21,,,,,,,,,,,,,,,,,,,,,,,,,,,,,,,,,,,,,,,,,,,,,,,,
122050_5..N01X004::1404619200.0,,19,13,16,,,,,,,,,14,,,,-79,,,,,17,,,,,,,,,,,,,,,,,,,,,,,,,,,,,,,,,,,,,,,,,,,,,,,,
123250_5..N01X004::1404619200.0,,58,-1,13,,,,,,,,,4,,,,-199,,,,,13,,,,,,,,,,,,,,,,,,,,,,,,,,,,,,,,,,,,,,,,,,,,,,,,
124450_5..N01X004::1404619200.0,,55,40,20,,,,,,,,,22,,,,-19,,,,,8,,,,,,,,,,,,,,,,,,,,,,,,,,,,,,,,,,,,,,,,,,,,,,,,
125650_5..N01X004::1404619200.0,,58,-24,27,,,,,,,,,11,,,,71,,,,,24,,,,,,,,,,,,,,,,,,,,,,,,,,,,,,,,,,,,,,,,,,,,,,,,
126850_5..N01X004::1404619200.0,,70,14,44,,,,,,,,,20,,,,-19,,,,,1,,,,,,,,,,,,,,,,,,,,,,,,,,,,,,,,,,,,,,,,,,,,,,,,
128050_5..N01X004::1404619200.0,,60,23,24,,,,,,,,,-9,,,,-19,,,,,-14,,,,,,,,,,,,,,,,,,,,,,,,,,,,,,,,,,,,,,,,,,,,,,,,
129250_5..N01X004::1404619200.0,,70,24,21,,,,,,,,,-9,,,,11,,,,,25,,,,,,,,,,,,,,,,,,,,,,,,,,,,,,,,,,,,,,,,,,,,,,,,
130450_5..N01X004::1404619200.0,,58,28,19,,,,,,,,,2,,,,41,,,,,11,,,,,,,,,,,,,,,,,,,,,,,,,,,,,,,,,,,,,,,,,,,,,,,,
131650_5..N01X004::1404619200.0,,46,-17,8,,,,,,,,,23,,,,11,,,,,4,,,,,,,,,,,,,,,,,,,,,,,,,,,,,,,,,,,,,,,,,,,,,,,,
132850_5..N01X004::1404619200.0,,60,20,17,,,,,,,,,26,,,,-19,,,,,8,,,,,,,,,,,,,,,,,,,,,,,,,,,,,,,,,,,,,,,,,,,,,,,,
134050_5..N01X004::1404619200.0,,63,8,-9,,,,,,,,,16,,,,-19,,,,,-9,,,,,,,,,,,,,,,,,,,,,,,,,,,,,,,,,,,,,,,,,,,,,,,,
135250_5..N01R::1404619200.0,,41,36,52,,,,,,,,,14,,,,731,,,,,24,,,,,,,,,,,,,,,,,,,,,,,,,,,,,,,,,,,,,,,,,,,,,,,,
136450_5..N01R::1404619200.0,,61,10,50,,,,,,,,,18,,,,-319,,,,,23,,,,,,,,,,,,,,,,,,,,,,,,,,,,,,,,,,,,,,,,,,,,,,,,
137650_5..N01R::1404619200.0,,,,-115,,,,,,,,,,,,,491,,,,,,,,,,,,,,,,,,,,,,,,,,,,,,,,,,,,,,,,,,,,,,,,,,,,,
138850_5..N01R::1404619200.0,,35,1,62,,,,,,,,,20,,,,281,,,,,36,,,,,,,,,,,,,,,,,,,,,,,,,,,,,,,,,,,,,,,,,,,,,,,,
140050_5..N01R::1404619200.0,,44,5,1,,,,,,,,,13,,,,281,,,,,24,,,,,,,,,,,,,,,,,,,,,,,,,,,,,,,,,,,,,,,,,,,,,,,,
141200_5..N01R::1404619200.0,,,,33,,,,,,,,,18,,,,1061,,,,,22,,,,,,,,,,,,,,,,,,,,,,,,,,,,,,,,,,,,,,,,,,,,,,,,
142500_5..N01R::1404619200.0,,,,,,,,,,,,,,,,,881,,,,,,,,,,,,,,,,,,,,,,,,,,,,,,,,,,,,,,,,,,,,,,,,,,,,,
144300_5..N32R::1404619200.0,,,,,,,,,,,,,,,,,-199,,,,,,,,,,,,,,,,,,,,,,,,,,,,,,,,,,,,,,,,,,,,,,,,,,,,,
002300_5..N32R::1404619200.0,,,,,,,,,,,,,,,,,-1399,,,,,,,,,,,,,,,,,,,,,,,,,,,,,,,,,,,,,,,,,,,,,,,,,,,,,
144300_5..N32R::1404705600.0,,48,23,16,,,,,,,,,24,,,,-199,,,,,10,,,,,,,,,,,,,,,,,,,,,,,,,,,,,,,,,,,,,,,,,,,,,,,,
002300_5..N32R::1404705600.0,,49,25,26,,,,,,,,,-4,,,,-1399,,,,,8,,,,,,,,,,,,,,,,,,,,,,,,,,,,,,,,,,,,,,,,,,,,,,,,
141200_5..N01R::1404705600.0,,67,16,,,,,,,,,,,,,,,,,,,,,,,,,,,,,,,,,,,,,,,,,,,,,,,,,,,,,,,,,,,,,,,,,,,
142500_5..N01R::1404705600.0,,,,,,,,,,,,,,,,,1031,,,,,,,,,,,,,,,,,,,,,,,,,,,,,,,,,,,,,,,,,,,,,,,,,,,,,
004300_5..N32R::1404705600.0,,61,4,24,,,,,,,,,6,,,,131,,,,,17,,,,,,,,,,,,,,,,,,,,,,,,,,,,,,,,,,,,,,,,,,,,,,,,
006300_5..N32R::1404705600.0,,51,22,10,,,,,,,,,-7,,,,-19,,,,,30,,,,,,,,,,,,,,,,,,,,,,,,,,,,,,,,,,,,,,,,,,,,,,,,
008300_5..N32R::1404705600.0,,46,10,30,,,,,,,,,12,,,,41,,,,,21,,,,,,,,,,,,,,,,,,,,,,,,,,,,,,,,,,,,,,,,,,,,,,,,
010300_5..N32R::1404705600.0,,60,6,-2,,,,,,,,,7,,,,-19,,,,,8,,,,,,,,,,,,,,,,,,,,,,,,,,,,,,,,,,,,,,,,,,,,,,,,
012300_5..N32R::1404705600.0,,59,29,20,,,,,,,,,2,,,,221,,,,,-13,,,,,,,,,,,,,,,,,,,,,,,,,,,,,,,,,,,,,,,,,,,,,,,,
014300_5..N32R::1404705600.0,,46,-1,37,,,,,,,,,-4,,,,11,,,,,1,,,,,,,,,,,,,,,,,,,,,,,,,,,,,,,,,,,,,,,,,,,,,,,,
016300_5..N32R::1404705600.0,,43,13,7,,,,,,,,,16,,,,131,,,,,15,,,,,,,,,,,,,,,,,,,,,,,,,,,,,,,,,,,,,,,,,,,,,,,,
018300_5..N32R::1404705600.0,,60,26,17,,,,,,,,,8,,,,71,,,,,-11,,,,,,,,,,,,,,,,,,,,,,,,,,,,,,,,,,,,,,,,,,,,,,,,
020300_5..N32R::1404705600.0,,44,12,-1,,,,,,,,,14,,,,41,,,,,27,,,,,,,,,,,,,,,,,,,,,,,,,,,,,,,,,,,,,,,,,,,,,,,,
022300_5..N32R::1404705600.0,,47,-1,8,,,,,,,,,-10,,,,-19,,,,,19,,,,,,,,,,,,,,,,,,,,,,,,,,,,,,,,,,,,,,,,,,,,,,,,
024300_5..N32R::1404705600.0,,34,14,29,,,,,,,,,15,,,,41,,,,,22,,,,,,,,,,,,,,,,,,,,,,,,,,,,,,,,,,,,,,,,,,,,,,,,
026300_5..N32R::1404705600.0,,66,4,-7,,,,,,,,,3,,,,11,,,,,3,,,,,,,,,,,,,,,,,,,,,,,,,,,,,,,,,,,,,,,,,,,,,,,,
028300_5..N32R::1404705600.0,,51,15,21,,,,,,,,,13,,,,101,,,,,24,,,,,,,,,,,,,,,,,,,,,,,,,,,,,,,,,,,,,,,,,,,,,,,,
030300_5..N32R::1404705600.0,,44,20,30,,,,,,,,,22,,,,-19,,,,,28,,,,,,,,,,,,,,,,,,,,,,,,,,,,,,,,,,,,,,,,,,,,,,,,
032300_5..N32R::1404705600.0,,-140,6,9,,,,,,,,,-14,,,,11,,,,,14,,,,,,,,,,,,,,,,,,,,,,,,,,,,,,,,,,,,,,,,,,,,,,,,
034300_5..N01R::1404705600.0,,66,27,16,,,,,,,,,2,,,,-49,,,,,10,,,,,,,,,,,,,,,,,,,,,,,,,,,,,,,,,,,,,,,,,,,,,,,,
034950_5..N60R::1404705600.0,,52,26,27,8,20,2,93,30,,,20,-4,20,5,,23,-31,2,,,-1,-4,-25,7,19,,-11,,,-14,9,,-33,8,,71,,5,,-7,4,,,,2,,,,,,,,,,,,,,,-19,-3,-13,-13,2,14,3,7,7,
036650_5..N71R::1404705600.0,,59,9,24,-8,51,4,-11,11,-16,-19,,11,1,-6,-58,34,9,22,,-4,20,2,30,15,9,-6,-10,92,,9,11,,17,17,6,4,,42,,9,27,,,,12,,,,,,,,,,,,,,,,,,,,,,,,
036300_5..N01R::1404705600.0,,35,-10,-24,,,,,,,,,22,,,,11,,,,,3,,,,,,,,,,,,,,,,,,,,,,,,,,,,,,,,,,,,,,,,,,,,,,,,
037850_5..N71R::1404705600.0,,64,19,7,2,28,9,16,16,7,41,,24,1,29,8,27,-13,27,,15,3,-21,20,39,13,21,0,18,,4,18,,4,-9,-2,14,,-3,,10,24,,,,16,,,,,,,,,,,,,,,,,,,,,,,,
038300_5..N01R::1404705600.0,,48,3,20,,,,,,,,,13,,,,161,,,,,20,,,,,,,,,,,,,,,,,,,,,,,,,,,,,,,,,,,,,,,,,,,,,,,,
034600_5..N01R::1404705600.0,,375,-5,,,,,,,,,,-9,,,,,,,,,,,,,,,,,,,,,,,,,,,,,,,,,,,,,,,,,,,,,,,,,,,,,,,,,
039050_5..N71R::1404705600.0,,45,-17,11,15,12,6,2,35,-15,-49,,-28,10,36,21,31,0,13,,-11,10,-8,23,10,16,-3,9,6,,-2,-4,,8,12,9,-3,,3,,-3,8,,,,17,,,,,,,,,,,,,,,,,,,,,,,,
040050_5..N71R::1404705600.0,,49,-5,31,6,-4,-5,-5,10,-10,11,,-2,2,25,24,9,-4,16,,-14,1,-4,15,14,10,-3,-13,7,,-9,8,,1,26,33,-4,,5,,24,10,,,,3,,,,,,,,,,,,,,,,,,,,,,,,
040300_5..N01R::1404705600.0,,46,11,11,,,,,,,,,22,,,,-19,,,,,7,,,,,,,,,,,,,,,,,,,,,,,,,,,,,,,,,,,,,,,,,,,,,,,,
040900_5..N71R::1404705600.0,,63,6,13,-6,33,48,25,32,21,71,,42,7,36,-43,47,7,37,,8,31,23,16,53,-1,9,-2,93,,14,1,,-2,24,20,22,,24,,40,38,,,,16,,,,,,,,,,,,,,,,,,,,,,,,
042050_5..N71R::1404705600.0,,64,32,34,-3,12,23,19,49,-3,-19,,10,20,63,22,42,9,24,,21,23,-2,29,48,34,20,11,21,,-1,11,,-32,2,6,34,,32,,34,28,,,,12,,,,,,,,,,,,,,,,,,,,,,,,
042950_5..N71R::1404705600.0,,51,9,36,8,29,28,27,24,2,11,,-18,16,28,-27,40,-9,20,,5,25,8,31,18,32,10,-3,12,,21,11,,11,4,2,21,,9,,15,49,,,,15,,,,,,,,,,,,,,,,,,,,,,,,
043850_5..N71R::1404705600.0,,73,-3,17,27,6,29,16,26,13,41,,4,23,19,16,34,-3,30,,10,13,11,1,42,6,15,5,18,,7,17,,-3,13,9,11,,-13,,25,19,,,,15,,,,,,,,,,,,,,,,,,,,,,,,
044450_5..N71R::1404705600.0,,67,10,43,-4,5,15,45,1,-2,41,,14,12,20,3,50,20,-3,,9,25,7,6,19,10,-12,7,-5,,-8,3,,-2,-3,-13,33,,5,,12,8,,,,-7,,,,,,,,,,,,,,,,,,,,,,,,
045050_5..N71R::1404705600.0,,61,28,10,-6,24,21,26,46,-10,-19,,2,21,25,20,41,10,22,,9,37,7,21,21,17,12,-6,68,,27,8,,-65,-31,16,16,,25,,14,64,,,,6,,,,,,,,,,,,,,,,,,,,,,,,
045600_5..N71R::1404705600.0,,42,21,26,5,-19,10,2,29,-4,-19,,30,11,34,2,34,-4,14,,5,28,22,22,38,10,-16,9,55,,-1,0,,-27,-1,26,132,,2,,-4,22,,,,18,,,,,,,,,,,,,,,,,,,,,,,,
046400_5..N71R::1404705600.0,,59,5,37,-6,13,36,142,22,-11,-19,,9,11,39,-8,20,9,26,,-3,-12,1,9,50,12,4,-11,7,,14,2,,19,-49,-21,12,,14,,23,18,,,,19,,,,,,,,,,,,,,,,,,,,,,,,
046950_5..N24R::1404705600.0,,,,,-1,20,28,130,30,-7,-19,,,10,45,24,55,5,20,,20,,21,19,44,18,-9,-8,20,,6,6,,-1,-21,22,-4,,20,,15,12,,,,24,,,,,,,,,,,,,,,,,,,,,,,,
047450_5..N14R::1404705600.0,,,,,,,,,,,,,,,,,,,,,,,,,,,,,,,,,,,,,,,,,,,,,,,,,,,,,,,,,,,,,761,,,,,,,,,
047500_5..N71R::1404705600.0,,58,10,24,13,27,32,3,39,6,71,,16,8,32,9,5,11,23,,14,22,-11,21,23,18,-8,11,69,,16,12,,14,-26,-1,9,,37,,2,16,,,,19,,,,,,,,,,,,,,,,,,,,,,,,
048250_5..N71R::1404705600.0,,56,-24,58,-1,18,10,16,44,0,41,,6,14,24,5,40,6,8,,11,-18,21,-2,10,0,20,1,37,,-1,12,,-4,-24,-8,-6,,15,,-7,12,,,,25,,,,,,,,,,,,,,,,,,,,,,,,
048750_5..N71R::1404705600.0,,82,10,16,-3,12,37,38,39,9,251,,15,12,54,8,26,14,47,,31,8,7,36,37,17,-8,14,25,,15,20,,-5,35,4,9,,54,,1,38,,,,2,,,,,,,,,,,,,,,,,,,,,,,,
049600_5..N64R::1404705600.0,,,,,,,,,,,341,,,,,,,,,,,,,,,,,,,,,,,,,,,,,,,,,,,,,,,,,,,,,,,,,,,,,,,,,,,
050050_5..N71R::1404705600.0,,49,22,28,-7,-8,48,18,54,16,71,,18,26,16,13,37,-31,11,,-18,26,2,-2,12,45,19,6,19,,29,20,,-5,23,22,5,,26,,20,35,,,,15,,,,,,,,,,,,,,,,,,,,,,,,
050550_5..N71R::1404705600.0,,49,10,47,6,25,22,125,60,24,71,,-12,13,22,-3,34,-11,66,,3,30,7,20,54,20,-22,-1,15,,4,11,,7,-63,17,25,,17,,15,51,,,,-1,,,,,,,,,,,,,,,,,,,,,,,,
051650_5..N66R::1404705600.0,,62,-239,16,22,6,46,49,33,5,11,,14,-14,49,-26,35,4,13,,6,39,19,21,24,5,14,-2,71,,-5,7,,-3,-16,-3,6,,21,,21,16,,,,-1,,,,,,,,,,,,,,,,,,,,,,,,
051900_5..N73R::1404705600.0,,57,18,32,-10,16,20,,,,,,19,-14,30,,-97,8,100,,,23,2,2,63,,,13,,,12,-13,,19,,,134,,-229,,24,10,,,,22,,,,,,,,,,,,,,,,,,,,,,,,
052200_5..N65R::1404705600.0,,,,,,,,,,,,461,,,,,,,,,,,,,,,,,,,,,,,,,,,,,,,,,,,,,,,,,,,,,,,,,,,,,,,,,,
052350_5..N66R::1404705600.0,,49,-256,,13,-4,1,-18,17,-2,-79,,22,10,4,87,,-6,13,,9,48,12,6,7,12,12,-6,129,,-32,-24,,26,-25,-10,-3,,20,,12,18,,,,4,,,,,,,,,,,,,,,,,,,,,,,,
052950_5..N66R::1404705600.0,,75,-260,28,5,-8,4,65,6,24,41,,17,2,15,12,35,-10,31,,8,26,19,25,32,31,-17,3,15,,5,-10,,3,8,20,-1,,30,,19,6,,,,14,,,,,,,,,,,,,,,,,,,,,,,,
053400_5..N66R::1404705600.0,,45,-241,26,11,5,28,30,9,14,131,,-22,6,30,-74,46,-8,2,,15,19,11,25,18,25,-9,21,40,,-14,1,,12,7,6,19,,34,,17,-4,,,,-13,,,,,,,,,,,,,,,,,,,,,,,,
054250_5..N66R::1404705600.0,,56,-252,25,10,-90,52,27,26,-9,11,,16,19,20,-6,41,-14,24,,-1,25,7,11,20,28,0,-8,23,,2,7,,11,17,11,4,,53,,30,17,,,,11,,,,,,,,,,,,,,,,,,,,,,,,
054850_5..N66R::1404705600.0,,57,-241,5,-4,-50,14,13,73,-4,41,,-3,24,25,-58,28,9,5,,8,4,26,46,0,10,-11,5,56,,18,-8,,6,19,-16,4,,19,,4,-1,,,,37,,,,,,,,,,,,,,,,,,,,,,,,
054900_5..N67R::1404705600.0,,,,,,-9,26,,,,,,,,1,,,,1,,,,,27,11,,,,,,26,,,,,,-4,,5,,20,19,,,,20,,,,,,,,,,,,,,,,,,,,,,,,
052700_5..N65R::1404705600.0,,,,,,41,25,34,26,,,101,,,32,,,,28,,,,,24,32,39,,,,,43,,,,30,,-22,,32,,-2,21,,,,9,,,,,,,,,,,,,,,,,,,,,,,,
056050_5..N66R::1404705600.0,,59,-268,6,-4,-46,14,52,-2,7,-19,,2,8,18,12,28,3,77,,-13,7,15,37,23,81,-2,2,99,,18,-11,,16,-2,3,3,,31,,24,23,,,,5,,,,,,,,,,,,,,,,,,,,,,,,
056600_5..N69R::1404705600.0,,,,,,25,11,,,,,,,,3,,-182,,28,,,,,34,17,,,,,,7,,,,,,7,,20,,31,5,,,,4,,,,,,15,-25,12,-66,14,-33,7,10,5,,,,,,,,,,49
056350_5..N65R::1404705600.0,,,,,,6,20,31,28,,,11,,,15,,48,,8,,,,,6,83,30,,,,,25,,,,-1,,4,,27,,3,11,,,,4,,,,,,,,,,,,,,,,,,,,,,,,
057050_5..N66R::1404705600.0,,55,-254,35,-5,58,10,10,140,-24,251,,3,17,13,16,28,10,19,,-9,24,2,22,23,17,-2,21,29,,22,-1,,-10,18,-19,22,,10,,-11,33,,,,-2,,,,,,,,,,,,,,,,,,,,,,,,
057750_5..N66R::1404705600.0,,50,-246,29,17,12,29,23,19,-8,281,,0,23,21,-69,61,-2,26,,16,25,17,22,25,31,15,2,17,,27,18,,21,35,25,27,,19,,18,53,,,,29,,,,,,,,,,,,,,,,,,,,,,,,
056750_5..N65R::1404705600.0,,,,,,6,68,28,24,,,40,,,16,,43,,32,,,,,40,21,15,,,,,30,,,,18,,8,,29,,22,18,,,,6,,,,,,,,,,,,,,,,,,,,,,,,
058950_5..N69R::1404705600.0,,,,,,-56,-1,,,,,,,,-6,,-138,,11,,,,,23,21,,,,,,3,,,,,,17,,4,,13,35,,,,13,,,,,,16,2,9,41,15,12,16,22,120,,,,,,,,,,48
058850_5..N66R::1404705600.0,,56,-241,12,11,26,15,-2,27,-37,161,,6,0,33,0,41,-8,42,,5,13,8,5,19,-1,13,18,44,,16,-4,,14,7,19,24,,16,,8,19,,,,-28,,,,,,,,,,,,,,,,,,,,,,,,
059300_5..N66R::1404705600.0,,53,-242,21,19,-11,15,-1,28,6,221,,21,6,20,-59,39,-2,22,,-1,9,31,5,33,48,-1,9,235,,-23,12,,27,21,-17,8,,9,,26,-3,,,,-34,,,,,,,,,,,,,,,,,,,,,,,,
060350_5..N66R::1404705600.0,,50,-254,28,21,22,8,20,132,-4,131,,24,16,9,-4,10,1,9,,-3,5,20,29,49,42,0,-5,146,,25,5,,21,17,23,23,,15,,-13,19,,,,24,,,,,,,,,,,,,,,,,,,,,,,,
060950_5..N64R::1404705600.0,,,,,,2,8,12,5,23,41,,,,20,9,57,,15,,7,,,12,1,19,10,,70,,17,,,,-155,38,20,,8,,13,12,,,,-8,,,,,,,,,,,,,,,,,,,,,,,,
061500_5..N66R::1404705600.0,,69,-237,27,7,13,30,10,22,14,101,,7,7,26,16,63,21,30,,13,19,22,20,39,37,15,12,-11,,17,16,,29,-20,10,-6,,11,,14,70,,,,25,,,,,,,,,,,,,,,,,,,,,,,,
052700_5..N::1404705600.0,,,,,,,,,,,,,,,,,8,,,,,,,,,,,,,,,,,,,,,,,,,,,,,,,,,,,,,,,,,,,,,,,,,,,,,
054900_5..N::1404705600.0,,,,,,,,,,,,,,,,,38,,,,,,,,,,,,,,,,,,,,,,,,,,,,,,,,,,,,,,,,,,,,,,,,,,,,,
062000_5..N66R::1404705600.0,,46,-244,23,5,29,30,-8,20,-2,41,,0,13,5,-1,44,-14,27,,11,11,10,46,32,20,1,-38,25,,0,18,,-5,-34,-18,1,,20,,-5,36,,,,24,,,,,,,,,,,,,,,,,,,,,,,,
062800_5..N66R::1404705600.0,,59,-256,28,8,13,24,6,27,-9,131,,13,30,0,-1,48,15,19,,10,20,-4,20,56,-3,-10,1,24,,-7,-1,,11,-4,7,6,,-15,,25,-9,,,,-9,,,,,,,,,,,,,,,,,,,,,,,,
063400_5..N66R::1404705600.0,,44,-256,44,-1,19,20,50,20,8,221,,20,16,21,9,-41,11,46,,14,28,1,28,25,32,-10,6,23,,36,17,,-1,-1,4,14,,37,,27,32,,,,10,,,,,,,,,,,,,,,,,,,,,,,,
064250_5..N66R::1404705600.0,,39,-244,13,2,17,20,9,10,-9,161,,2,17,18,-10,-62,11,-4,,-9,9,2,24,10,11,-3,-14,4,,-6,6,,2,2,12,14,,12,,8,7,,,,1,,,,,,,,,,,,,,,,,,,,,,,,
065100_5..N67R::1404705600.0,,,,,,38,9,,,,,,,,28,,76,,19,,,,,37,22,,,,,,54,,,,,,12,,71,,33,28,,,,-3,,,,,,,,,,,,,,,,,,,,,,,,
065350_5..N66R::1404705600.0,,61,-255,31,-11,10,17,1,2,3,-49,,17,18,33,9,185,5,-11,,-13,26,-2,14,33,4,-4,-11,61,,19,6,,14,7,-11,6,,17,,32,31,,,,5,,,,,,,,,,,,,,,,,,,,,,,,
066150_5..N66R::1404705600.0,,62,-234,37,14,40,27,19,18,13,-49,,16,41,30,12,97,-2,25,,11,30,11,43,21,25,0,22,64,,6,20,,18,23,15,15,,12,,22,23,,,,20,,,,,,,,,,,,,,,,,,,,,,,,
066950_5..N66R::1404705600.0,,67,-260,13,16,4,32,5,44,6,71,,-14,22,57,5,25,-8,65,,0,33,7,33,33,26,-3,13,27,,39,16,,18,20,3,7,,58,,-15,-23,,,,36,,,,,,,,,,,,,,,,,,,,,,,,
067750_5..N66R::1404705600.0,,48,-249,39,-4,14,3,6,13,4,341,,28,8,21,3,9,9,18,,3,15,-1,15,14,14,3,-10,32,,16,0,,-4,36,46,21,,10,,5,24,,,,-5,,,,,,,,,,,,,,,,,,,,,,,,
068550_5..N66R::1404705600.0,,48,-270,15,-2,27,14,9,-4,7,191,,13,14,2,9,-6,11,37,,11,29,1,22,37,28,16,1,170,,2,5,,1,8,-25,13,,10,,0,23,,,,-1,,,,,,,,,,,,,,,,,,,,,,,,
069350_5..N66R::1404705600.0,,51,-244,29,14,7,2,3,21,-2,191,,0,0,12,3,9,17,18,,11,11,3,3,7,18,-10,9,147,,13,5,,15,17,-11,22,,29,,17,10,,,,-15,,,,,,,,,,,,,,,,,,,,,,,,
070150_5..N66R::1404705600.0,,47,-254,22,2,-6,36,11,36,6,371,,-15,6,34,-3,0,-9,19,,2,22,14,12,47,3,10,3,101,,24,-8,,-3,11,-3,-1,,6,,-35,10,,,,20,,,,,,,,,,,,,,,,,,,,,,,,
070950_5..N66R::1404705600.0,,47,-264,1,13,9,6,7,7,13,191,,9,-10,8,17,35,-3,17,,16,19,18,28,41,29,-8,0,20,,7,10,,9,8,8,23,,14,,13,18,,,,20,,,,,,,,,,,,,,,,,,,,,,,,
071750_5..N66R::1404705600.0,,64,-238,19,-7,8,4,19,20,1,101,,7,22,17,7,45,-21,-18,,-15,17,4,3,14,18,-5,-34,23,,15,8,,20,-1,-41,19,,20,,9,38,,,,28,,,,,,,,,,,,,,,,,,,,,,,,
072550_5..N66R::1404705600.0,,56,-255,34,-8,-3,22,62,22,8,11,,21,-9,8,13,37,7,13,,14,28,25,-4,37,-8,17,1,17,,7,-16,,-12,9,-4,-6,,5,,-6,72,,,,1,,,,,,,,,,,,,,,,,,,,,,,,
073350_5..N66R::1404705600.0,,65,-259,-13,24,31,22,20,26,2,-49,,21,45,44,29,35,0,34,,20,40,29,41,46,24,20,27,17,,9,23,,-1,23,1,13,,33,,33,34,,,,11,,,,,,,,,,,,,,,,,,,,,,,,
074150_5..N66R::1404705600.0,,47,-258,36,-5,15,42,8,6,0,-49,,24,-4,8,29,12,16,24,,17,16,1,11,19,17,-8,0,91,,-10,-8,,25,11,-1,-2,,10,,-12,6,,,,-4,,,,,,,,,,,,,,,,,,,,,,,,
074950_5..N66R::1404705600.0,,72,-248,5,-5,-3,31,14,0,13,-49,,1,-2,25,-13,-9,-13,39,,-4,1,14,21,25,27,-4,25,96,,8,18,,-10,8,-25,4,,19,,-34,18,,,,11,,,,,,,,,,,,,,,,,,,,,,,,
075750_5..N66R::1404705600.0,,64,-252,26,3,16,36,38,33,34,-19,,2,22,30,16,7,7,38,,10,14,11,40,58,25,-6,16,0,,-13,17,,11,0,10,36,,23,,32,41,,,,27,,,,,,,,,,,,,,,,,,,,,,,,
076550_5..N66R::1404705600.0,,,,,,,,,,,341,,,,,,,,,,,,,,,,,,,,,,,,,-32,,,,,,,,,,,,,,,,,,,,,,,,,,,,,,,,,,
077350_5..N66R::1404705600.0,,53,-240,17,1,17,22,-75,7,-5,221,,2,8,8,-1,20,-12,10,,5,18,13,26,6,-3,-17,5,40,,-6,-6,,-2,16,-16,2,,24,,2,20,,,,3,,,,,,,,,,,,,,,,,,,,,,,,
078150_5..N66R::1404705600.0,,69,-264,18,13,18,17,6,26,10,101,,8,-32,-5,10,21,0,32,,-17,15,22,20,12,8,-10,7,23,,24,24,,27,8,3,22,,23,,14,17,,,,-4,,,,,,,,,,,,,,,,,,,,,,,,
078950_5..N66R::1404705600.0,,40,-240,27,3,2,0,15,4,7,-19,,5,18,18,9,-11,10,-15,,12,21,-40,22,22,14,17,-18,20,,-24,22,,6,0,1,28,,33,,7,3,,,,13,,,,,,,,,,,,,,,,,,,,,,,,
079750_5..N66R::1404705600.0,,59,-256,25,2,-10,-10,-7,13,2,-19,,16,-2,2,2,12,13,27,,12,24,4,10,27,27,-9,0,23,,-2,16,,-1,15,-8,15,,15,,5,26,,,,2,,,,,,,,,,,,,,,,,,,,,,,,
077150_5..N66R::1404705600.0,,53,-254,25,-3,22,4,7,1,8,,,17,10,7,-13,3,-10,31,,-4,-6,14,10,36,9,3,0,155,,17,-7,,-12,19,-19,36,,29,,-12,29,,,,-3,,,,,,,,,,,,,,,,,,,,,,,,
080550_5..N66R::1404705600.0,,60,-251,27,-11,-14,26,21,13,16,-19,,18,16,25,17,-22,8,25,,-17,24,-1,25,16,21,-12,8,28,,8,-3,,14,32,15,2,,19,,-37,39,,,,8,,,,,,,,,,,,,,,,,,,,,,,,
081350_5..N66R::1404705600.0,,66,-263,10,-2,32,32,4,28,10,71,,14,9,35,8,-16,-26,20,,5,34,-11,33,24,4,5,22,58,,10,16,,2,14,-23,13,,36,,22,28,,,,28,,,,,,,,,,,,,,,,,,,,,,,,
082150_5..N66R::1404705600.0,,64,-242,46,10,3,-3,4,38,2,-79,,18,32,4,61,38,21,43,,9,20,9,5,38,16,12,-4,9,,11,7,,13,5,-1,16,,15,,6,22,,,,-16,,,,,,,,,,,,,,,,,,,,,,,,
082950_5..N66R::1404705600.0,,53,-263,40,-3,4,1,13,6,-10,-49,,18,18,2,85,33,18,34,,-10,20,-4,14,28,23,-5,-1,1,,12,22,,-96,7,8,14,,19,,16,8,,,,29,,,,,,,,,,,,,,,,,,,,,,,,
083750_5..N66R::1404705600.0,,56,34,9,16,22,14,13,15,-12,41,,7,21,14,18,49,-2,26,,-12,36,11,17,11,24,-7,-5,-5,,20,-3,,19,19,12,-6,,32,,5,36,,,,10,,,,,,,,,,,,,,,,,,,,,,,,
084550_5..N66R::1404705600.0,,77,3,32,-1,16,15,14,15,2,-49,,5,4,18,0,46,9,21,,-3,17,27,29,20,10,-6,12,22,,-2,-3,,1,20,5,24,,15,,-11,17,,,,1,,,,,,,,,,,,,,,,,,,,,,,,
085350_5..N66R::1404705600.0,,60,10,30,-26,-2,16,17,6,-33,-19,,13,24,12,1,23,19,27,,8,25,11,-12,34,21,11,1,104,,-4,18,,0,10,-7,2,,29,,18,14,,,,4,,,,,,,,,,,,,,,,,,,,,,,,
086150_5..N66R::1404705600.0,,64,16,22,8,13,-21,6,8,33,-19,,-15,4,-3,14,17,-1,42,,18,53,-7,0,13,8,-8,10,-9,,8,-7,,3,16,7,0,,16,,34,17,,,,16,,,,,,,,,,,,,,,,,,,,,,,,
086950_5..N66R::1404705600.0,,41,30,30,13,209,22,-9,18,15,41,,11,20,21,-11,-51,-12,28,,-3,22,10,4,62,22,5,27,6,,14,10,,11,8,5,9,,31,,26,28,,,,9,,,,,,,,,,,,,,,,,,,,,,,,
087750_5..N66R::1404705600.0,,48,20,40,6,5,18,21,29,-16,-79,,-4,-32,24,42,16,5,2,,11,5,31,28,10,10,7,-11,18,,0,4,,3,-4,1,9,,9,,9,0,,,,-2,,,,,,,,,,,,,,,,,,,,,,,,
088550_5..N66R::1404705600.0,,27,25,37,12,29,-22,6,-1,1,11,,2,10,22,0,49,-6,43,,34,17,38,-4,19,9,3,4,5,,21,10,,16,16,-55,10,,18,,30,71,,,,-5,,,,,,,,,,,,,,,,,,,,,,,,
089350_5..N66R::1404705600.0,,57,8,10,-9,21,20,-10,1,-14,101,,-24,24,16,-9,62,8,26,,-2,13,-5,11,29,-2,5,15,9,,2,4,,15,2,3,12,,38,,41,1,,,,-4,,,,,,,,,,,,,,,,,,,,,,,,
090150_5..N66R::1404705600.0,,69,12,-6,14,2,16,23,8,-9,41,,13,4,10,-2,32,2,60,,7,21,21,24,19,5,-14,10,-8,,4,-5,,11,7,13,23,,11,,16,37,,,,0,,,,,,,,,,,,,,,,,,,,,,,,
090950_5..N66R::1404705600.0,,31,14,10,20,11,45,25,21,16,-19,,23,30,40,-16,78,-29,24,,16,2,20,46,58,5,15,21,45,,10,-1,,27,25,12,27,,36,,13,38,,,,36,,,,,,,,,,,,,,,,,,,,,,,,
091550_5..N71R::1404705600.0,,48,30,-9,26,10,18,26,18,-3,11,,4,23,10,-6,36,19,19,,-9,18,26,25,25,74,-7,5,-4,,16,3,,-34,19,-2,5,,34,,21,6,,,,3,,,,,,,,,,,,,,,,,,,,,,,,
092500_5..N71R::1404705600.0,,45,10,4,-4,30,22,12,-23,23,11,,21,16,41,19,36,8,41,,15,33,22,30,40,-29,16,-2,66,,24,-24,,-3,-2,24,14,,30,,20,39,,,,18,,,,,,,,,,,,,,,,,,,,,,,,
093100_5..N74R::1404705600.0,,20,21,17,,11,6,-5,21,5,11,,2,,29,5,154,,51,,39,13,,11,41,24,-17,,77,,4,,,,8,-4,31,,10,,18,50,,,,-8,,,,,,,,,,,,,,,,,,,,,,,,
093750_5..N74R::1404705600.0,,45,-17,30,,-12,3,-10,15,-12,41,,2,,28,-55,24,,26,,-4,11,,-8,41,-2,-26,,7,,28,,,,-3,11,-1,,-2,,14,14,,,,15,,,,,,,,,,,,,,,,,,,,,,,,
094350_5..N74R::1404705600.0,,,,,,,,,,,-109,,,,,,,,,,,,,,,,,,,,,,,,,,,,,,,,,,,,,,,,,,,,,,,,,,,,,,,,,,,
094950_5..N74R::1404705600.0,,64,20,2,,5,9,17,6,-7,41,,23,,43,1,-88,,30,,5,3,,17,44,-6,-13,,55,,12,,,,18,13,33,,0,,15,60,,,,-24,,,,,,,,,,,,,,,,,,,,,,,,
095550_5..N74R::1404705600.0,,57,4,16,,13,9,15,9,-6,101,,8,,4,-4,36,,24,,3,15,,9,36,21,8,,12,,16,,,,8,16,0,,15,,21,1,,,,-1,,,,,,,,,,,,,,,,,,,,,,,,
096550_5..N74R::1404705600.0,,60,5,13,,7,28,21,27,-4,-49,,12,,23,-57,116,,13,,22,15,,30,14,-10,-6,,120,,-1,,,,9,-3,8,,12,,55,24,,,,31,,,,,,,,,,,,,,,,,,,,,,,,
096950_5..N68R::1404705600.0,,,,,,,,,,,,107,,,,,,,,,,,,,,,,,,,,,,,,,,,,,,,,,,,,,,,,,,,,,,,,,,,,,,,,,,
097200_5..N76R::1404705600.0,,,,,,-10,8,8,-4,-35,11,,,,12,-35,28,,25,,3,,,16,21,21,10,,76,,18,,,,17,10,23,,21,,-11,15,,,,5,,,,,,10,14,23,-35,24,6,8,7,-8,,,,,,,,,,
097800_5..N74R::1404705600.0,,114,16,13,,34,26,-4,19,0,-109,,21,,19,57,88,,30,,20,35,,22,1,33,21,,18,,5,,,,-15,-7,14,,6,,-1,32,,,,17,,,,,,,,,,,,,,,,,,,,,,,,
098800_5..N74R::1404705600.0,,75,22,28,,3,20,17,16,10,11,,-5,,24,-20,51,,-28,,-14,0,,13,34,48,-10,,26,,11,,,,31,-1,21,,9,,20,26,,,,-2,,,,,,,,,,,,,,,,,,,,,,,,
102500_5..N70R::1404705600.0,,,,,,25,38,,,,,,,,25,,-73,,16,,,,,10,47,,,,,,15,,,,,,-2,,47,,9,10,,,,10,,,,,,15,-6,2,3,-2,8,13,11,16,,,,,,,,,,
099150_5..N68R::1404705600.0,,,,,,-48,9,-1,15,,,11,,,-1,,29,,10,,,,,26,12,5,,,,,10,,,,38,,-23,,16,,3,56,,,,-3,,,,,,7,5,9,16,16,-101,4,2,-4,,,,,,,,,,
099700_5..N74R::1404705600.0,,72,28,1,,7,41,-3,17,12,-19,,6,,54,8,35,,20,,-1,24,,25,59,-29,1,,115,,24,,,,-33,9,15,,-16,,39,13,,,,-16,,,,,,,,,,,,,,,,,,,,,,,,
100150_5..N68R::1404705600.0,,,,,,4,21,1,27,,,-79,,,31,,260,,14,,,,,7,48,12,,,,,9,,,,1,,24,,7,,31,1,,,,12,,,,,,-4,15,-4,4,4,-5,7,9,-67,,,,,,,,,,
105000_5..N70R::1404705600.0,,,,,,18,27,,,,,,,,36,,-5,,28,,,,,10,18,,,,,,10,,,,,,14,,11,,2,10,,,,12,,,,,,697,,,,,447,,,,,,,,,,,,,
100700_5..N74R::1404705600.0,,57,11,9,,15,15,-2,8,7,41,,21,,41,9,33,,39,,13,5,,35,28,20,11,,71,,20,,,,-38,2,22,,37,,24,46,,,,24,,,,,,,,,,,,,,,,,,,,,,,,
097550_5..N68R::1404705600.0,,,,,,0,17,13,16,,,,,,44,,72,,30,,,,,43,42,29,,,,,37,,,,55,,12,,30,,50,13,,,,-21,,,,,,7,24,25,-9,20,-17,-8,-7,-58,,,,,,,,,,
101150_5..N68R::1404705600.0,,,,,,-37,16,9,18,,,41,,,46,,60,,32,,,,,25,29,3,,,,,28,,,,-28,,32,,49,,32,19,,,,55,,,,,,-12,7,-11,-5,55,35,-6,22,-2,,,,,,,,,,
101200_5..N74R::1404705600.0,,35,3,20,,-21,45,14,9,9,11,,4,,40,7,139,,32,,-24,-17,,16,49,46,-6,,65,,23,,,,36,-4,21,,48,,-92,10,,,,4,,,,,,,,,,,,,,,,,,,,,,,,
101650_5..N74R::1404705600.0,,71,-15,17,,2,40,1,-7,-2,41,,16,,20,3,98,,27,,0,20,,10,44,19,10,,137,,9,,,,10,-13,11,,22,,2,27,,,,-29,,,,,,,,,,,,,,,,,,,,,,,,
102850_5..N74R::1404705600.0,,43,1,15,,27,53,15,9,-7,-79,,6,,16,59,49,,34,,-2,17,,31,44,30,6,,98,,5,,,,16,13,34,,23,,16,19,,,,22,,,,,,,,,,,,,,,,,,,,,,,,
102900_5..N68R::1404705600.0,,,,,,,,,,,,6281,,,,,,,,,,,,,,,,,,,,,,,,,,,,,,,,,,,,,,,,,,,,,,,,,,,,,,,,,,
103300_5..N74R::1404705600.0,,57,9,6,,5,-84,-8,20,-9,101,,-3,,19,0,28,,2,,5,5,,13,31,5,9,,47,,18,,,,17,7,2,,38,,-2,0,,,,-3,,,,,,,,,,,,,,,,,,,,,,,,
103800_5..N74R::1404705600.0,,74,12,21,,19,34,8,5,16,101,,22,,42,-74,49,,49,,14,12,,6,79,32,4,,-26,,28,,,,18,15,21,,41,,19,13,,,,37,,,,,,,,,,,,,,,,,,,,,,,,
104400_5..N76R::1404705600.0,,,,,,-50,23,-2,8,14,11,,,,36,-17,12,,9,,-8,,,12,44,30,3,,41,,3,,,,16,17,0,,25,,14,31,,,,55,,,,,,656,,,,,447,,,,,,,,,,,,,
104500_5..N68R::1404705600.0,,,,,,,,,,,,671,,,,,,,,,,,,,,,,,,,,,,,,,,,,,,,,,,,,,,,,,,,,,,,,,,,,,,,,,,
104900_5..N74R::1404705600.0,,,,,,,,,,,41,,,,,,,,,,,,,,,,,,,,,,,,,,,,,,,,,,,,,,,,,,,,,,,,,,,,,,,,,,,
105350_5..N74R::1404705600.0,,59,15,27,,-10,24,0,23,-10,11,,-32,,12,-7,34,,10,,-5,-5,,35,21,-4,2,,-19,,16,,,,3,8,-9,,14,,16,-2,,,,-8,,,,,,,,,,,,,,,,,,,,,,,,
105850_5..N76R::1404705600.0,,,,,,,,,,,-19,,,,,,,,,,,,,,,,,,,,,,,,,,,,,,,,,,,,,,,,,,,,,,,,,,,,,,,,,,,
103200_5..N68R::1404705600.0,,,,,,31,38,8,8,,,128,,,29,,95,,27,,,,,35,38,24,,,,,53,,,,12,,4,,18,,39,18,,,,-14,,,,,,802,,,,,415,,,,,,,,,,,,,
106450_5..N74R::1404705600.0,,53,9,27,,15,46,10,5,1,-139,,13,,63,90,65,,59,,-20,23,,32,65,6,13,,13,,26,,,,15,2,37,,28,,29,28,,,,25,,,,,,,,,,,,,,,,,,,,,,,,
107050_5..N76R::1404705600.0,,,,,,-2,29,9,-9,-9,-79,,,,23,56,-9,,23,,-15,,,6,25,19,-6,,3,,14,,,,5,13,-3,,16,,14,28,,,,-1,,,,,,,,,,,,,,,,,,,,,,,,
108000_5..N74R::1404705600.0,,,,,,,,,,,-139,,,,,,,,,,,,,,,,,,,,,,,,,-102,,,,,,,,,,,,,,,,,,,,,,,,,,,,,,,,,,
105750_5..N68R::1404705600.0,,,,,,7,52,17,12,,,41,,,8,,-18,,10,,,,,21,39,-2,,,,,31,,,,37,,9,,12,,22,35,,,,16,,,,,,788,,,,,839,,,,,,,,,,,,,
109200_5..N72R::1404705600.0,,,,,,,,,,,,6101,,,,,,,,,,,,,,,,,,,,,,,,,,,,,,,,,,,,,,,,,,,,,,,,,,,,,,,,,,
109450_5..N74R::1404705600.0,,16,-9,23,,7,27,28,2,3,-49,,-22,,53,5,36,,44,,7,38,,28,68,6,13,,105,,24,,,,18,-33,49,,10,,55,45,,,,45,,,,,,,,,,,,,,,,,,,,,,,,
110250_5..N74R::1404705600.0,,68,23,42,,11,19,20,30,9,161,,11,,27,8,28,,27,,9,29,,29,37,29,5,,120,,23,,,,191,2,22,,2,,11,9,,,,18,,,,,,,,,,,,,,,,,,,,,,,,
108000_5..N::1404705600.0,,,,,,27,17,4,-3,20,,,,,16,108,355,,23,,-5,,,32,32,4,-6,,22,,5,,,,13,16,-22,,38,,16,23,,,,4,,,,,,-24,-15,-12,-10,16,5,11,9,0,,,,,,,,,,
111050_5..N74R::1404705600.0,,52,38,14,,3,20,14,116,-7,11,,18,,5,-8,47,,26,,22,35,,14,62,7,15,,252,,16,,,,51,-1,16,,15,,26,6,,,,17,,,,,,,,,,,,,,,,,,,,,,,,
112050_5..N74R::1404705600.0,,50,305,-18,,-2,16,54,12,20,101,,17,,33,16,123,,6,,16,3,,28,37,48,-14,,196,,4,,,,28,27,21,,23,,19,9,,,,5,,,,,,,,,,,,,,,,,,,,,,,,
110050_5..N74R::1404705600.0,,,,,,,,,,,-139,,,,,,,,,,,,,,,,,,,,,,,,,,,,,,,,,,,,,,,,,,,,,,,,,,,,,,,,,,,
112950_5..N74R::1404705600.0,,,,,,,,,,,-109,,,,,,,,,,,,,,,,,,,,,,,,,,,,,,,,,,,,,,,,,,,,,,,,,,,,,,,,,,,
110000_5..N74R::1404705600.0,,69,16,36,,8,-53,-59,42,0,-49,,16,,35,8,86,,28,,-10,29,,37,41,23,0,,159,,7,,,,9,-14,28,,7,,-13,37,,,,-1,,,,,,,,,,,,,,,,,,,,,,,,
110350_5..N72R::1404705600.0,,39,39,16,,6,16,-3,59,,,41,31,,23,,13,,-16,,,35,,32,19,-19,,,,,26,,,,24,,7,,18,,35,13,,,,1,,,,,,,,,,,,,,,,,,,,,,,,
113750_5..N71R::1404705600.0,,,,,,,,,,,-169,,,,,,,,,,,,,,,,,,,,,,,,,,,,,,,,,,,,,,,,,,,,,,,,,,,,,,,,,,,
114750_5..N71R::1404705600.0,,52,22,10,4,2,44,20,7,15,-109,,26,20,29,15,98,-20,45,,6,9,1,27,-15,13,23,10,136,,-26,23,,-32,8,14,15,,18,,13,6,,,,3,,,,,,,,,,,,,,,,,,,,,,,,
111500_5..N74R::1404705600.0,,,,,,,,,,,4721,,,,,,,,,,,,,,,,,,,,,,,,,,,,,,,,,,,,,,,,,,,,,,,,,,,,,,,,,,,
111550_5..N74R::1404705600.0,,24,25,10,,15,28,6,30,2,-19,,27,,-16,3,102,,26,,3,7,,-6,37,16,9,,64,,26,,,,23,-8,6,,15,,0,1,,,,27,,,,,,,,,,,,,,,,,,,,,,,,
115700_5..N71R::1404705600.0,,66,7,25,-61,17,14,15,11,13,71,,14,1,26,15,24,7,26,,-10,22,-3,23,10,-5,-3,10,2,,1,19,,22,-62,5,23,,-15,,25,18,,,,-6,,,,,,,,,,,,,,,,,,,,,,,,
112950_5..N::1404705600.0,,52,356,18,,14,18,23,5,-13,71,,25,,24,-9,18,,3,,-4,-22,,13,8,-17,2,,158,,22,,,,0,22,20,,5,,3,9,,,,17,,,,,,,,,,,,,,,,,,,,,,,,
116750_5..N71R::1404705600.0,,54,35,41,17,13,15,23,-12,-6,161,,17,11,37,21,37,19,32,,20,30,22,44,48,12,-8,23,21,,5,16,,29,25,27,27,,34,,11,5,,,,7,,,,,,,,,,,,,,,,,,,,,,,,
113750_5..N::1404705600.0,,,,,-4,10,30,52,99,2,-19,,,-15,52,4,66,4,28,,7,,21,23,40,20,9,-1,12,,23,13,,-2,13,0,26,,34,,5,36,,,,18,,,,,,11,-6,-3,0,23,17,23,-8,2,,,,,,,,,,
107050_5..N::1404705600.0,,16,-24,14,,,,,,,,,8,,,,341,,,,,14,,,,,,,,,,,,,,,,,,,,,,,,,,,,,,,,,,,,,,,,,,,,,,,,
117850_5..N71R::1404705600.0,,61,14,16,-11,29,23,11,8,-2,221,,24,-15,17,1,35,3,27,,-24,8,24,20,17,11,10,0,15,,21,-22,,18,-2,-13,3,,-1,,20,556,,,,14,,,,,,,,,,,,,,,,,,,,,,,,
118900_5..N71R::1404705600.0,,50,12,22,5,46,5,28,-5,6,71,,4,32,18,7,35,10,11,,10,12,18,17,32,3,12,13,7,,-6,12,,9,-4,1,25,,7,,408,22,,,,20,,,,,,,,,,,,,,,,,,,,,,,,
119700_5..N71R::1404705600.0,,55,7,30,5,4,7,-13,7,-3,-19,,18,15,17,1,-11,-11,29,,8,25,8,19,193,-14,-14,17,37,,3,18,,2,-16,-10,33,,-8,,28,120,,,,16,,,,,,,,,,,,,,,,,,,,,,,,
120950_5..N71R::1404705600.0,,49,26,-6,8,54,23,6,-6,-10,71,,6,-4,18,-8,5,-9,18,,-53,17,8,28,25,12,-35,-28,62,,5,15,,8,5,-19,6,,7,,-1,-6,,,,0,,,,,,,,,,,,,,,,,,,,,,,,
121800_5..N71R::1404705600.0,,74,22,36,1,14,14,-10,28,-14,101,,26,-11,11,-9,24,-10,0,,2,1,15,31,22,5,10,-20,47,,9,0,,-7,-2,2,-23,,-1,,-20,56,,,,-13,,,,,,,,,,,,,,,,,,,,,,,,
123100_5..N71R::1404705600.0,,53,5,18,15,25,23,-3,-4,-3,-49,,28,10,3,-4,30,17,9,,1,-17,28,-18,3,0,5,1,7,,-1,4,,23,6,-11,7,,18,,15,23,,,,6,,,,,,,,,,,,,,,,,,,,,,,,
126450_5..N73R::1404705600.0,,67,34,29,21,52,14,,,,,,11,22,20,,18,1,21,,,-8,20,22,47,,,7,,,22,15,,21,,,14,,-19,,3,27,,,,4,,,,,,,,,,,,,,,,,,,,,,,,
127450_5..N73R::1404705600.0,,-99,21,32,0,21,-7,,,,,,-4,-1,7,,28,-11,13,,,0,12,3,31,,,-1,,,-15,17,,-5,,,6,,5951,,4,91,,,,4,,,,,,,,,,,,,,,,,,,,,,,,
128450_5..N73R::1404705600.0,,67,0,22,-4,30,-8,,,,,,5,21,0,,21,-18,21,,,14,7,0,83,,,-6,,,9,7,,-10,,,-9,,-19,,14,96,,,,-2,,,,,,,,,,,,,,,,,,,,,,,,
129450_5..N73R::1404705600.0,,66,30,31,4,50,10,,,,,,14,23,0,,11,14,19,,,-2,29,33,41,,,10,,,5,11,,4,,,25,,-19,,12,15,,,,23,,,,,,,,,,,,,,,,,,,,,,,,
130450_5..N73R::1404705600.0,,50,32,27,19,35,29,,,,,,20,21,-3,,34,-3,18,,,16,38,28,25,,,3,,,0,-18,,-10,,,15,,-19,,16,7,,,,27,,,,,,,,,,,,,,,,,,,,,,,,
131450_5..N73R::1404705600.0,,72,1,16,10,9,16,,,,,,6,-3,5,,38,-4,-23,,,13,17,38,49,,,12,,,-1,-6,,6,,,14,,-19,,7,17,,,,-26,,,,,,,,,,,,,,,,,,,,,,,,
132450_5..N73R::1404705600.0,,46,13,45,-14,4,13,,,,,,15,7,10,,42,5,18,,,27,-7,19,22,,,6,,,-37,57,,20,,,-8,,-19,,22,8,,,,-3,,,,,,,,,,,,,,,,,,,,,,,,
133450_5..N73R::1404705600.0,,50,4,12,1,-8,-8,,,,,,2,14,23,,42,-7,19,,,6,19,1,96,,,10,,,-15,-2,,-2,,,-4,,-19,,21,8,,,,1,,,,,,,,,,,,,,,,,,,,,,,,
134450_5..N73R::1404705600.0,,53,,,,,,,,,,,,,,,,,,,,,,,,,,,,,,,,,,,,,-949,,,,,,,,,,,,,,,,,,,,,,,,,,,,,,,
135450_5..N73R::1404705600.0,,65,29,49,0,1,19,,,,,,6,22,1,,37,25,9,,,23,5,9,54,,,7,,,11,0,,4,,,3,,-49,,21,18,,,,-4,,,,,,,,,,,,,,,,,,,,,,,,
136450_5..N73R::1404705600.0,,-4,10,23,1,-34,26,,,,,,16,25,4,,39,14,5,,,28,2,19,138,,,16,,,-7,20,,0,,,2,,11,,-1,16,,,,12,,,,,,,,,,,,,,,,,,,,,,,,
137600_5..N73R::1404705600.0,,344,28,-23,14,4,23,,,,,,24,7,3,,-3,-1,13,,,-35,15,35,126,,,2,,,7,8,,12,,,21,,-109,,13,12,,,,4,,,,,,,,,,,,,,,,,,,,,,,,
138800_5..N73R::1404705600.0,,,,,-11,-48,13,,,,,,,3,4,,31,1,12,,,,20,-27,8,,,-1,,,15,,,19,,,15,,-19,,1,25,,,,-4,,,,,,,,,,,,,,,,,,,,,,,,
138000_5..N73R::1404705600.0,,11,22,27,1,-36,13,,,,,,-152,17,23,,-10,-23,7,,,34,-16,32,88,,,23,,,6,-10,,8,,,-25,,-79,,14,22,,,,9,,,,,,,,,,,,,,,,,,,,,,,,
144300_5..N32R::1404792000.0,,58,8,51,,,,,,,,,15,,,,221,,,,,31,,,,,,,,,,,,,,,,,,,,,,,,,,,,,,,,,,,,,,,,,,,,,,,,
002300_5..N32R::1404792000.0,,-83,5,5,,,,,,,,,0,,,,161,,,,,5,,,,,,,,,,,,,,,,,,,,,,,,,,,,,,,,,,,,,,,,,,,,,,,,
137600_5..N73R::1404792000.0,,54,,,,,,,,,,,,,,,,,,,,,,,,,,,,,,,,,,,,,,,,,,,,,,,,,,,,,,,,,,,,,,,,,,,,
138800_5..N73R::1404792000.0,,50,7,41,,,,,,,,,16,,,,,,,,,30,,,,,,,,,,,,,,,,,,,,,,,,,,,,,,,,,,,,,,,,,,,,,,,,
138000_5..N73R::1404792000.0,,68,,,,,,,,,,,,,,,,,,,,,,,,,,,,,,,,,,,,,,,,,,,,,,,,,,,,,,,,,,,,,,,,,,,,
004300_5..N32R::1404792000.0,,62,14,22,,,,,,,,,24,,,,131,,,,,13,,,,,,,,,,,,,,,,,,,,,,,,,,,,,,,,,,,,,,,,,,,,,,,,
006300_5..N32R::1404792000.0,,65,26,27,,,,,,,,,0,,,,161,,,,,5,,,,,,,,,,,,,,,,,,,,,,,,,,,,,,,,,,,,,,,,,,,,,,,,
008300_5..N32R::1404792000.0,,58,8,16,,,,,,,,,17,,,,-19,,,,,35,,,,,,,,,,,,,,,,,,,,,,,,,,,,,,,,,,,,,,,,,,,,,,,,
010300_5..N32R::1404792000.0,,48,28,2,,,,,,,,,6,,,,-79,,,,,9,,,,,,,,,,,,,,,,,,,,,,,,,,,,,,,,,,,,,,,,,,,,,,,,
012300_5..N32R::1404792000.0,,58,4,11,,,,,,,,,12,,,,131,,,,,32,,,,,,,,,,,,,,,,,,,,,,,,,,,,,,,,,,,,,,,,,,,,,,,,
014300_5..N32R::1404792000.0,,69,22,26,,,,,,,,,18,,,,11,,,,,29,,,,,,,,,,,,,,,,,,,,,,,,,,,,,,,,,,,,,,,,,,,,,,,,
016300_5..N32R::1404792000.0,,59,-1,-6,,,,,,,,,0,,,,-19,,,,,2,,,,,,,,,,,,,,,,,,,,,,,,,,,,,,,,,,,,,,,,,,,,,,,,
018300_5..N32R::1404792000.0,,52,8,11,,,,,,,,,-28,,,,-19,,,,,15,,,,,,,,,,,,,,,,,,,,,,,,,,,,,,,,,,,,,,,,,,,,,,,,
020300_5..N32R::1404792000.0,,52,32,31,,,,,,,,,9,,,,11,,,,,26,,,,,,,,,,,,,,,,,,,,,,,,,,,,,,,,,,,,,,,,,,,,,,,,
022300_5..N32R::1404792000.0,,51,20,2,,,,,,,,,13,,,,-49,,,,,13,,,,,,,,,,,,,,,,,,,,,,,,,,,,,,,,,,,,,,,,,,,,,,,,
024300_5..N32R::1404792000.0,,74,9,29,,,,,,,,,20,,,,-19,,,,,42,,,,,,,,,,,,,,,,,,,,,,,,,,,,,,,,,,,,,,,,,,,,,,,,
026300_5..N32R::1404792000.0,,83,16,19,,,,,,,,,6,,,,-19,,,,,1,,,,,,,,,,,,,,,,,,,,,,,,,,,,,,,,,,,,,,,,,,,,,,,,
028300_5..N32R::1404792000.0,,56,7,14,,,,,,,,,3,,,,-79,,,,,13,,,,,,,,,,,,,,,,,,,,,,,,,,,,,,,,,,,,,,,,,,,,,,,,
030300_5..N32R::1404792000.0,,67,14,10,,,,,,,,,15,,,,-79,,,,,32,,,,,,,,,,,,,,,,,,,,,,,,,,,,,,,,,,,,,,,,,,,,,,,,
032300_5..N32R::1404792000.0,,354,8,11,,,,,,,,,6,,,,-109,,,,,15,,,,,,,,,,,,,,,,,,,,,,,,,,,,,,,,,,,,,,,,,,,,,,,,
034300_5..N01R::1404792000.0,,67,13,23,,,,,,,,,27,,,,101,,,,,-16,,,,,,,,,,,,,,,,,,,,,,,,,,,,,,,,,,,,,,,,,,,,,,,,
034950_5..N60R::1404792000.0,,44,31,4,-3,1,-7,7,-11,,,-69,2,5,-2,,11,11,19,,,6,-2,17,0,-1,,-8,,,7,15,,-12,0,,-6,,-4,,-7,16,,,,-4,,,,,,,,,,,,,,,11,-32,-12,-53,4,-99,8,-11,74,
036650_5..N71R::1404792000.0,,61,26,19,5,30,5,14,12,2,-49,,5,10,28,2,66,12,10,,0,14,3,3,36,14,1,-14,-1,,9,-1,,7,5,5,15,,12,,2,39,,,,19,,,,,,,,,,,,,,,,,,,,,,,,
036300_5..N01R::1404792000.0,,65,20,2,,,,,,,,,24,,,,-49,,,,,3,,,,,,,,,,,,,,,,,,,,,,,,,,,,,,,,,,,,,,,,,,,,,,,,
037850_5..N71R::1404792000.0,,7,27,15,-13,1,3,52,7,-10,-19,,4,-8,4,-8,113,-24,12,,-5,12,1,-1,17,11,1,15,7,,-22,0,,15,13,24,-1,,16,,16,36,,,,8,,,,,,,,,,,,,,,,,,,,,,,,
038300_5..N01R::1404792000.0,,63,28,9,,,,,,,,,-2,,,,-49,,,,,6,,,,,,,,,,,,,,,,,,,,,,,,,,,,,,,,,,,,,,,,,,,,,,,,
039050_5..N71R::1404792000.0,,62,11,34,0,-3,44,0,43,78,11,,16,19,22,-17,38,16,27,,8,28,7,14,24,11,13,-6,49,,19,9,,-2,24,13,22,,24,,12,25,,,,1,,,,,,,,,,,,,,,,,,,,,,,,
040050_5..N71R::1404792000.0,,69,14,19,-8,19,5,3,31,15,221,,15,1,54,7,37,10,31,,5,20,8,11,56,30,10,-7,8,,16,20,,18,24,14,14,,24,,57,19,,,,30,,,,,,,,,,,,,,,,,,,,,,,,
040300_5..N01R::1404792000.0,,65,15,10,,,,,,,,,24,,,,101,,,,,6,,,,,,,,,,,,,,,,,,,,,,,,,,,,,,,,,,,,,,,,,,,,,,,,
040900_5..N71R::1404792000.0,,73,16,38,16,42,38,6,-7,-6,71,,41,21,52,-39,33,-4,21,,20,31,10,23,52,-1,-10,15,106,,-3,22,,20,31,8,21,,28,,16,34,,,,4,,,,,,,,,,,,,,,,,,,,,,,,
042050_5..N71R::1404792000.0,,58,15,1,14,38,33,4,-4,-4,-19,,-7,4,12,3,51,-1,34,,4,3,19,37,44,17,9,-9,0,,5,-26,,-17,-24,-9,7,,-1,,24,40,,,,16,,,,,,,,,,,,,,,,,,,,,,,,
042950_5..N71R::1404792000.0,,69,8,12,5,-32,1,5,33,15,-19,,14,12,19,12,56,16,-85,,17,36,4,14,30,19,-90,23,85,,20,4,,-21,12,28,25,,15,,36,25,,,,18,,,,,,,,,,,,,,,,,,,,,,,,
043850_5..N71R::1404792000.0,,55,17,28,-5,12,2,6,-6,16,41,,20,0,36,14,22,11,17,,9,28,5,9,67,12,-13,-4,-4,,20,13,,-5,4,27,-1,,28,,-2,-1,,,,10,,,,,,,,,,,,,,,,,,,,,,,,
044450_5..N71R::1404792000.0,,,,,,,,,,,101,,,,,,,,,,,,,,,,,,,,,,,,,-112,,,,,,,,,,,,,,,,,,,,,,,,,,,,,,,,,,
045050_5..N71R::1404792000.0,,,,,,,,,,,-139,,,,,,,,,,,,,,,,,,,,,,,,,,,,,,,,,,,,,,,,,,,,,,,,,,,,,,,,,,,
045600_5..N71R::1404792000.0,,46,-21,14,28,-18,184,26,42,12,71,,22,14,40,9,79,-10,37,,5,-24,9,15,73,14,10,14,7,,22,12,,4,30,19,40,,-31,,38,-13,,,,26,,,,,,,,,,,,,,,,,,,,,,,,
046400_5..N71R::1404792000.0,,51,6,30,17,12,19,-79,22,7,-19,,13,-8,35,11,51,-4,11,,11,22,14,18,-1,12,15,-33,78,,-6,11,,22,-45,0,14,,39,,25,65,,,,26,,,,,,,,,,,,,,,,,,,,,,,,
046950_5..N24R::1404792000.0,,,,,-18,22,25,39,0,-7,41,,,-5,32,21,92,-13,35,,11,,-20,10,43,32,10,11,9,,13,19,,-18,-14,-5,13,,56,,20,37,,,,7,,,,,,,,,,,,,,,,,,,,,,,,
047450_5..N14R::1404792000.0,,,,,-10,-117,6,19,26,,,-41,,0,11,,29,13,25,,,,-2,6,36,14,,3,,,-78,7,,-12,3,,8,,15,,-4,-4,,,,12,,,,,,,,,,,,,,,-19,-10,9,-4,11,-10,2,,,
047500_5..N71R::1404792000.0,,55,12,52,5,3,34,9,61,14,11,,-17,42,44,16,43,7,20,,-33,29,27,23,34,14,8,-1,12,,1,12,,-80,14,7,12,,92,,26,12,,,,37,,,,,,,,,,,,,,,,,,,,,,,,
044750_5..N71R::1404792000.0,,61,24,7,-5,2,36,21,37,-1,,,-3,19,36,64,40,6,29,,-14,5,18,4,21,18,-6,-18,61,,19,-2,,-6,13,-3,22,,21,,25,23,,,,23,,,,,,,,,,,,,,,,,,,,,,,,
048250_5..N71R::1404792000.0,,120,-21,40,9,19,26,13,25,14,41,,5,12,48,8,55,-8,32,,0,27,12,22,67,35,25,-1,12,,25,9,,12,14,16,14,,56,,4,29,,,,25,,,,,,,,,,,,,,,,,,,,,,,,
048750_5..N71R::1404792000.0,,24,75,32,11,39,28,35,12,14,131,,71,30,72,7,77,-12,39,,0,80,10,27,76,-11,24,17,78,,21,-2,,10,15,11,11,,36,,-9,21,,,,24,,,,,,,,,,,,,,,,,,,,,,,,
049600_5..N64R::1404792000.0,,,,,,-32,30,43,25,1,131,,,,59,25,,,19,,23,,,36,62,35,17,,52,,30,,,,4,-2,4,,14,,171,12,,,,14,,,,,,,,,,,,,,,,,,,,,,,,
050050_5..N71R::1404792000.0,,-85,-26,26,-24,16,-1,39,64,16,191,,6,96,34,19,49,-6,17,,18,20,6,0,22,35,-6,50,24,,11,60,,33,13,44,21,,39,,106,17,,,,30,,,,,,,,,,,,,,,,,,,,,,,,
050550_5..N71R::1404792000.0,,,,33,49,18,-20,9,65,10,221,,-8,-92,34,9,40,67,26,,14,0,85,21,43,18,18,64,23,,14,18,,19,-42,14,52,,2,,9,13,,,,30,,,,,,,,,,,,,,,,,,,,,,,,
051650_5..N66R::1404792000.0,,68,-243,-99,95,32,31,20,28,-3,-19,,,11,35,-30,41,76,27,,-7,,23,13,158,5,-2,,1,,73,-2,,67,-24,-1,-1,,-154,,45,30,,,,22,,,,,,,,,,,,,,,,,,,,,,,,
051900_5..N73R::1404792000.0,,,,,,,,,,,,,,,,,,,,,,,,,,,,,,,,,,,,,,,791,,,,,,,,,,,,,,,,,,,,,,,,,,,,,,,
052200_5..N65R::1404792000.0,,,,,,,,,,,,4301,,,,,,,,,,,,,,,,,,,,,,,,,,,,,,,,,,,,,,,,,,,,,,,,,,,,,,,,,,
052350_5..N66R::1404792000.0,,62,-240,42,,67,58,-5,-20,4,-19,,9,-38,30,-1,,7,39,,26,2,12,106,40,-8,22,19,80,,38,26,,-110,-12,4,36,,34,,3,-21,,,,25,,,,,,,,,,,,,,,,,,,,,,,,
052950_5..N66R::1404792000.0,,,,,,,,,,,-349,,,,,,,,,,,,,,,,,,,,,,,,,,,,,,,,,,,,,,,,,,,,,,,,,,,,,,,,,,,
053400_5..N66R::1404792000.0,,,,,,,,,,,-319,,,,,,,,,,,,,,,,,,,,,,,,,,,,,,,,,,,,,,,,,,,,,,,,,,,,,,,,,,,
054250_5..N66R::1404792000.0,,53,-262,54,-36,-86,32,-15,32,12,-109,,14,32,-112,29,77,12,7,,12,25,16,-135,94,4,13,8,128,,,-98,,21,13,-9,73,,6,,-97,40,,,,22,,,,,,,,,,,,,,,,,,,,,,,,
054850_5..N66R::1404792000.0,,58,-276,66,-1,-40,16,24,24,7,41,,-4,-1,77,-52,10,16,74,,12,-16,21,18,-196,5,10,1,110,,18,14,,1,6,32,-7,,28,,17,-219,,,,-26,,,,,,,,,,,,,,,,,,,,,,,,
054900_5..N67R::1404792000.0,,,,,,77,14,,,,,,,,20,,-627,,14,,,,,-65,32,,,,,,24,,,,,,16,,36,,37,116,,,,31,,,,,,,,,,,,,,,,,,,,,,,,
053300_5..N65R::1404792000.0,,,,,,80,31,-26,44,,,11,,,45,,,,21,,,,,-30,22,13,,,,,35,,,,25,,14,,35,,2,73,,,,14,,,,,,,,,,,,,,,,,,,,,,,,
056050_5..N66R::1404792000.0,,72,-237,51,3,-56,13,-22,-6,-13,-19,,8,201,-137,-10,39,7,10,,-6,7,18,9,0,97,0,-4,32,,18,-1,,6,16,17,16,,-114,,10,17,,,,6,,,,,,,,,,,,,,,,,,,,,,,,
056600_5..N69R::1404792000.0,,,,,,-101,10,,,,,,,,68,,,,10,,,,,,83,,,,,,,,,,,,1,,29,,,22,,,,8,,,,,,,,,,,,,,,,,,,,,,,,
056350_5..N65R::1404792000.0,,,,,,,,,,,,5411,,,,,,,,,,,,,,,,,,,,,,,,,,,,,,,,,,,,,,,,,,,,,,,,,,,,,,,,,,
057050_5..N66R::1404792000.0,,43,-277,71,21,13,-10,0,141,-6,11,,24,18,18,-4,215,11,,,33,0,23,31,15,,-22,6,-17,,-15,174,,17,56,17,47,,55,,19,17,,,,24,,,,,,,,,,,,,,,,,,,,,,,,
057750_5..N66R::1404792000.0,,40,-265,62,21,25,28,-17,24,11,101,,-21,92,28,-15,59,10,-4,,76,-10,-4,62,34,-55,52,236,104,,0,64,,2,66,-10,14,,20,,27,20,,,,16,,,,,,,,,,,,,,,,,,,,,,,,
058950_5..N69R::1404792000.0,,,,,,-40,55,,,,,,,,27,,,,1,,,,,22,-240,,,,,,66,,,,,,0,,-19,,-5,-143,,,,,,,,,,,,,,,,,,,,,,,,,,,,
058850_5..N66R::1404792000.0,,46,-266,70,16,30,19,16,-4,,-19,,20,34,26,17,75,-4,28,,16,-25,8,25,19,-23,-13,-8,81,,23,3,,16,-14,-20,10,,33,,-4,24,,,,6,,,,,,,,,,,,,,,,,,,,,,,,
059300_5..N66R::1404792000.0,,72,-235,91,18,11,23,53,36,21,71,,21,148,4,-50,45,-6,17,,-71,55,9,26,56,20,,16,,,22,25,,20,10,20,41,,35,,11,38,,,,12,,,,,,,,,,,,,,,,,,,,,,,,
055800_5..N01R::1404792000.0,,60,23,32,,,,,,,,,17,,,,,,,,,-12,,,,,,,,,,,,,,,,,,,,,,,,,,,,,,,,,,,,,,,,,,,,,,,,
056750_5..N65R::1404792000.0,,,,,,21,,30,27,,,-19,,,25,,,,14,,,,,26,-104,103,,,,,28,,,,58,,,,63,,-24,23,,,,6,,,,,,,,,,,,,,,,,,,,,,,,
049600_5..N::1404792000.0,,,,,,,,,,,,,,,,,11,,,,,,,,,,,,,,,,,,,,,,,,,,,,,,,,,,,,,,,,,,,,,,,,,,,,,
060350_5..N66R::1404792000.0,,-101,-246,83,5,8,16,2,21,-8,-199,,0,74,6,-9,35,20,-2,,-7,16,5,25,38,17,-37,-83,39,,9,0,,4,22,27,-2,,16,,21,19,,,,4,,,,,,,,,,,,,,,,,,,,,,,,
060950_5..N64R::1404792000.0,,,,,,27,11,28,12,-25,-79,,,,-19,9,,,-5,,-4,,,21,36,10,5,,42,,67,,,,-143,-3,-3,,24,,-7,29,,,,,,,,,,,,,,,,,,,,,,,,,,,,
061500_5..N66R::1404792000.0,,,,7,-18,15,22,6,7,11,-139,,,20,0,108,41,-38,20,,13,,10,-3,26,11,-11,-15,57,,42,4,,17,-21,-4,-1,,-1,,0,1,,,,-2,,,,,,,,,,,,,,,,,,,,,,,,
062000_5..N66R::1404792000.0,,,,-207,-6,-16,22,-26,7,3,-79,,,52,20,68,29,6,33,,13,,26,1,20,25,16,4,80,,0,16,,28,-21,-1,22,,33,,16,-26,,,,9,,,,,,,,,,,,,,,,,,,,,,,,
053300_5..N::1404792000.0,,,,,,,,,,,,,,,,,-248,,,,,,,,,,,,,,,,,,,,,,,,,,,,,,,,,,,,,,,,,,,,,,,,,,,,,
062800_5..N66R::1404792000.0,,,,,-13,24,-2,9,2,6,41,,,,23,-2,,3,15,,-5,,,16,47,178,25,,138,,11,,,21,20,6,4,,21,,18,22,,,,8,,,,,,,,,,,,,,,,,,,,,,,,
054900_5..N::1404792000.0,,,,,,,,,,,,,,,,,56,,,,,,,,,,,,,,,,,,,,,,,,,,,,,,,,,,,,,,,,,,,,,,,,,,,,,
057600_5..N69R::1404792000.0,,,,,,,,,,,,,,,,,,,,,,,,,,,,,,,151,,,,,,,,,,,,,,,,,,,,,,,,,,,,,,,,,,,,,,,
063400_5..N66R::1404792000.0,,,,,-78,19,-5,14,5,2,11,,,,2,7,,,15,,13,,,21,38,13,34,,53,,10,,,5,20,-9,-12,,36,,11,-2,,,,8,,,,,,,,,,,,,,,,,,,,,,,,
060750_5..N01R::1404792000.0,,66,28,-21,,,,,,,,,8,,,,101,,,,,30,,,,,,,,,,,,,,,,,,,,,,,,,,,,,,,,,,,,,,,,,,,,,,,,
064250_5..N66R::1404792000.0,,,,,,,32,2,1,-5,-79,,,,26,-7,,,4,,-1,,,,-17,6,65,,792,,,,,,-3,26,,,24,,,,,,,7,,,,,,,,,,,,,,,,,,,,,,,,
057600_5..N::1404792000.0,,,,,,,,,,,,,,,,,35,,,,,,,,,,,,,,,,,,,,,,,,,,,,,,,,,,,-4,12,-9,-3,-4,12,-9,-6,19,,,,,,,,,,12
065100_5..N67R::1404792000.0,,,,,,-4,6,,,,,,,,17,,,,21,,,,,8,37,,,,,,18,,,,,,13,,11,,7,32,,,,10,,,,,,,,,,,,,,,,,,,,,,,,
056750_5..N::1404792000.0,,,,,,,,,,,,,,,,,53,,,,,,,,,,,,,,,,,,,,,,,,,,,,,,,,,,,,,,,,,,,,,,,,,,,,,
065350_5..N66R::1404792000.0,,,,,,,5,15,8,-3,-79,,,,-228,60,,,11,,7,,,,,14,105,,32,,,,,,18,-10,,,9,,,,,,,19,,,,,,,,,,,,,,,,,,,,,,,,
058950_5..N::1404792000.0,,,,,,,,,,,,,,,,,154,,,,,,,,,,,,,,,,,,,,,,,,,,,,,,,,,,,-25,13,-11,-5,-8,31,0,-2,23,,,,,,,,,,46
066150_5..N66R::1404792000.0,,,,,,,,2,25,2,-49,,,,,5,,,,,114,,,,,16,116,,59,,,,,,19,3,,,3,,,,,,,-81,,,,,,,,,,,,,,,,,,,,,,,,
066950_5..N66R::1404792000.0,,,,,,,,8,-4,-2,161,,,,,4,,,,,42,,,,,,-1,,42,,,,,,19,-62,,,,,,,,,,,,,,,,,,,,,,,,,,,,,,,,,,
067750_5..N66R::1404792000.0,,,,,,,,,-198,4,71,,,,,7,,,,,36,,,,,,37,,40,,,,,,3,9,,,,,,,,,,,,,,,,,,,,,,,,,,,,,,,,,,
068550_5..N66R::1404792000.0,,,,,,,,,,-2,-49,,,,,66,,,,,-2,,,,,,-12,,6,,,,,,,-18,,,,,,,,,,,,,,,,,,,,,,,,,,,,,,,,,,
069350_5..N66R::1404792000.0,,,,,,,,,,3,-109,,,,,126,,,,,-72,,,,,,,,,,,,,,,-8,,,,,,,,,,,,,,,,,,,,,,,,,,,,,,,,,,
060950_5..N::1404792000.0,,,,,,,,,,,,,,,,,53,,,,,,,,,,,,,,,,,,,,,,,,,,,,,,,,,,,,,,,,,,,,,,,,,,,,,
070150_5..N66R::1404792000.0,,,,,,,,,,,-169,,,,,,,,,,,,,,,,,,,,,,,,,,,,,,,,,,,,,,,,,,,,,,,,,,,,,,,,,,,
070950_5..N66R::1404792000.0,,,,,,,,,,,-649,,,,,,,,,,,,,,,,,,,,,,,,,,,,,,,,,,,,,,,,,,,,,,,,,,,,,,,,,,,
071750_5..N66R::1404792000.0,,,,,,,,,,,-1129,,,,,,,,,,,,,,,,,,,,,,,,,,,,,,,,,,,,,,,,,,,,,,,,,,,,,,,,,,,
065100_5..N::1404792000.0,,,,,,,,,,,,,,,,,45,,,,,,,,,,,,,,,,,,,,,,,,,,,,,,,,,,,,,,,,,,,,,,,,,,,,,
072550_5..N66R::1404792000.0,,,,,,,,,,,-1609,,,,,,,,,,,,,,,,,,,,,,,,,,,,,,,,,,,,,,,,,,,,,,,,,,,,,,,,,,,
